<?xml version="1.0" encoding="UTF-8" standalone="no" ?>
<COLLADA xmlns="http://www.collada.org/2005/11/COLLADASchema" version="1.4.1">
    <asset>
        <contributor>
            <authoring_tool>SketchUp 6.0.515</authoring_tool>
        </contributor>
        <created>2019-12-06T11:59:43Z</created>
        <modified>2019-12-06T11:59:43Z</modified>
        <unit meter="0.0254" name="inch" />
        <up_axis>Z_UP</up_axis>
    </asset>
    <library_cameras>
        <camera id="ID1" name="skp_camera_Last_Saved_SketchUp_View">
            <optics>
                <technique_common>
                    <perspective>
                        <yfov>30</yfov>
                        <aspect_ratio>0</aspect_ratio>
                        <znear>1</znear>
                        <zfar>1000</zfar>
                    </perspective>
                </technique_common>
            </optics>
        </camera>
    </library_cameras>
    <library_visual_scenes>
        <visual_scene id="ID2">
            <node name="SketchUp">
                <instance_geometry url="#ID336">
                    <bind_material>
                        <technique_common>
                            <instance_material symbol="Material2" target="#ID115">
                                <bind_vertex_input semantic="UVSET0" input_semantic="TEXCOORD" input_set="0" />
                            </instance_material>
                            <instance_material symbol="Material3" target="#ID125">
                                <bind_vertex_input semantic="UVSET0" input_semantic="TEXCOORD" input_set="0" />
                            </instance_material>
                        </technique_common>
                    </bind_material>
                </instance_geometry>
                <instance_geometry url="#ID346">
                    <bind_material>
                        <technique_common>
                            <instance_material symbol="Material2" target="#ID115">
                                <bind_vertex_input semantic="UVSET0" input_semantic="TEXCOORD" input_set="0" />
                            </instance_material>
                            <instance_material symbol="Material3" target="#ID125">
                                <bind_vertex_input semantic="UVSET0" input_semantic="TEXCOORD" input_set="0" />
                            </instance_material>
                        </technique_common>
                    </bind_material>
                </instance_geometry>
                <instance_geometry url="#ID356">
                    <bind_material>
                        <technique_common>
                            <instance_material symbol="Material2" target="#ID115">
                                <bind_vertex_input semantic="UVSET0" input_semantic="TEXCOORD" input_set="0" />
                            </instance_material>
                            <instance_material symbol="Material3" target="#ID125">
                                <bind_vertex_input semantic="UVSET0" input_semantic="TEXCOORD" input_set="0" />
                            </instance_material>
                        </technique_common>
                    </bind_material>
                </instance_geometry>
                <instance_geometry url="#ID366">
                    <bind_material>
                        <technique_common>
                            <instance_material symbol="Material2" target="#ID132">
                                <bind_vertex_input semantic="UVSET0" input_semantic="TEXCOORD" input_set="0" />
                            </instance_material>
                            <instance_material symbol="Material3" target="#ID125">
                                <bind_vertex_input semantic="UVSET0" input_semantic="TEXCOORD" input_set="0" />
                            </instance_material>
                        </technique_common>
                    </bind_material>
                </instance_geometry>
                <instance_geometry url="#ID374">
                    <bind_material>
                        <technique_common>
                            <instance_material symbol="Material2" target="#ID132">
                                <bind_vertex_input semantic="UVSET0" input_semantic="TEXCOORD" input_set="0" />
                            </instance_material>
                            <instance_material symbol="Material3" target="#ID125">
                                <bind_vertex_input semantic="UVSET0" input_semantic="TEXCOORD" input_set="0" />
                            </instance_material>
                        </technique_common>
                    </bind_material>
                </instance_geometry>
                <instance_geometry url="#ID382">
                    <bind_material>
                        <technique_common>
                            <instance_material symbol="Material2" target="#ID115">
                                <bind_vertex_input semantic="UVSET0" input_semantic="TEXCOORD" input_set="0" />
                            </instance_material>
                            <instance_material symbol="Material3" target="#ID389">
                                <bind_vertex_input semantic="UVSET0" input_semantic="TEXCOORD" input_set="0" />
                            </instance_material>
                            <instance_material symbol="Material4" target="#ID125">
                                <bind_vertex_input semantic="UVSET0" input_semantic="TEXCOORD" input_set="0" />
                            </instance_material>
                        </technique_common>
                    </bind_material>
                </instance_geometry>
                <instance_geometry url="#ID394">
                    <bind_material>
                        <technique_common>
                            <instance_material symbol="Material2" target="#ID389">
                                <bind_vertex_input semantic="UVSET0" input_semantic="TEXCOORD" input_set="0" />
                            </instance_material>
                            <instance_material symbol="Material3" target="#ID396">
                                <bind_vertex_input semantic="UVSET0" input_semantic="TEXCOORD" input_set="0" />
                            </instance_material>
                            <instance_material symbol="Material4" target="#ID125">
                                <bind_vertex_input semantic="UVSET0" input_semantic="TEXCOORD" input_set="0" />
                            </instance_material>
                        </technique_common>
                    </bind_material>
                </instance_geometry>
                <instance_geometry url="#ID404">
                    <bind_material>
                        <technique_common>
                            <instance_material symbol="Material2" target="#ID389">
                                <bind_vertex_input semantic="UVSET0" input_semantic="TEXCOORD" input_set="0" />
                            </instance_material>
                            <instance_material symbol="Material3" target="#ID396">
                                <bind_vertex_input semantic="UVSET0" input_semantic="TEXCOORD" input_set="0" />
                            </instance_material>
                            <instance_material symbol="Material4" target="#ID125">
                                <bind_vertex_input semantic="UVSET0" input_semantic="TEXCOORD" input_set="0" />
                            </instance_material>
                        </technique_common>
                    </bind_material>
                </instance_geometry>
                <instance_geometry url="#ID412">
                    <bind_material>
                        <technique_common>
                            <instance_material symbol="Material2" target="#ID115">
                                <bind_vertex_input semantic="UVSET0" input_semantic="TEXCOORD" input_set="0" />
                            </instance_material>
                            <instance_material symbol="Material3" target="#ID389">
                                <bind_vertex_input semantic="UVSET0" input_semantic="TEXCOORD" input_set="0" />
                            </instance_material>
                            <instance_material symbol="Material4" target="#ID15">
                                <bind_vertex_input semantic="UVSET0" input_semantic="TEXCOORD" input_set="0" />
                            </instance_material>
                            <instance_material symbol="Material5" target="#ID125">
                                <bind_vertex_input semantic="UVSET0" input_semantic="TEXCOORD" input_set="0" />
                            </instance_material>
                        </technique_common>
                    </bind_material>
                </instance_geometry>
                <instance_geometry url="#ID422">
                    <bind_material>
                        <technique_common>
                            <instance_material symbol="Material2" target="#ID125">
                                <bind_vertex_input semantic="UVSET0" input_semantic="TEXCOORD" input_set="0" />
                            </instance_material>
                        </technique_common>
                    </bind_material>
                </instance_geometry>
                <instance_geometry url="#ID426">
                    <bind_material>
                        <technique_common>
                            <instance_material symbol="Material2" target="#ID125">
                                <bind_vertex_input semantic="UVSET0" input_semantic="TEXCOORD" input_set="0" />
                            </instance_material>
                        </technique_common>
                    </bind_material>
                </instance_geometry>
                <instance_geometry url="#ID430">
                    <bind_material>
                        <technique_common>
                            <instance_material symbol="Material2" target="#ID125">
                                <bind_vertex_input semantic="UVSET0" input_semantic="TEXCOORD" input_set="0" />
                            </instance_material>
                        </technique_common>
                    </bind_material>
                </instance_geometry>
                <instance_geometry url="#ID434">
                    <bind_material>
                        <technique_common>
                            <instance_material symbol="Material2" target="#ID125">
                                <bind_vertex_input semantic="UVSET0" input_semantic="TEXCOORD" input_set="0" />
                            </instance_material>
                        </technique_common>
                    </bind_material>
                </instance_geometry>
                <instance_geometry url="#ID438">
                    <bind_material>
                        <technique_common>
                            <instance_material symbol="Material2" target="#ID125">
                                <bind_vertex_input semantic="UVSET0" input_semantic="TEXCOORD" input_set="0" />
                            </instance_material>
                        </technique_common>
                    </bind_material>
                </instance_geometry>
                <instance_geometry url="#ID442">
                    <bind_material>
                        <technique_common>
                            <instance_material symbol="Material2" target="#ID125">
                                <bind_vertex_input semantic="UVSET0" input_semantic="TEXCOORD" input_set="0" />
                            </instance_material>
                        </technique_common>
                    </bind_material>
                </instance_geometry>
                <instance_geometry url="#ID446">
                    <bind_material>
                        <technique_common>
                            <instance_material symbol="Material2" target="#ID125">
                                <bind_vertex_input semantic="UVSET0" input_semantic="TEXCOORD" input_set="0" />
                            </instance_material>
                        </technique_common>
                    </bind_material>
                </instance_geometry>
                <instance_geometry url="#ID450">
                    <bind_material>
                        <technique_common>
                            <instance_material symbol="Material2" target="#ID125">
                                <bind_vertex_input semantic="UVSET0" input_semantic="TEXCOORD" input_set="0" />
                            </instance_material>
                        </technique_common>
                    </bind_material>
                </instance_geometry>
                <instance_geometry url="#ID454">
                    <bind_material>
                        <technique_common>
                            <instance_material symbol="Material2" target="#ID125">
                                <bind_vertex_input semantic="UVSET0" input_semantic="TEXCOORD" input_set="0" />
                            </instance_material>
                        </technique_common>
                    </bind_material>
                </instance_geometry>
                <instance_geometry url="#ID458">
                    <bind_material>
                        <technique_common>
                            <instance_material symbol="Material2" target="#ID125">
                                <bind_vertex_input semantic="UVSET0" input_semantic="TEXCOORD" input_set="0" />
                            </instance_material>
                        </technique_common>
                    </bind_material>
                </instance_geometry>
                <instance_geometry url="#ID462">
                    <bind_material>
                        <technique_common>
                            <instance_material symbol="Material2" target="#ID125">
                                <bind_vertex_input semantic="UVSET0" input_semantic="TEXCOORD" input_set="0" />
                            </instance_material>
                        </technique_common>
                    </bind_material>
                </instance_geometry>
                <instance_geometry url="#ID466">
                    <bind_material>
                        <technique_common>
                            <instance_material symbol="Material2" target="#ID125">
                                <bind_vertex_input semantic="UVSET0" input_semantic="TEXCOORD" input_set="0" />
                            </instance_material>
                        </technique_common>
                    </bind_material>
                </instance_geometry>
                <instance_geometry url="#ID470">
                    <bind_material>
                        <technique_common>
                            <instance_material symbol="Material2" target="#ID125">
                                <bind_vertex_input semantic="UVSET0" input_semantic="TEXCOORD" input_set="0" />
                            </instance_material>
                        </technique_common>
                    </bind_material>
                </instance_geometry>
                <instance_geometry url="#ID474">
                    <bind_material>
                        <technique_common>
                            <instance_material symbol="Material2" target="#ID125">
                                <bind_vertex_input semantic="UVSET0" input_semantic="TEXCOORD" input_set="0" />
                            </instance_material>
                        </technique_common>
                    </bind_material>
                </instance_geometry>
                <instance_geometry url="#ID478">
                    <bind_material>
                        <technique_common>
                            <instance_material symbol="Material2" target="#ID125">
                                <bind_vertex_input semantic="UVSET0" input_semantic="TEXCOORD" input_set="0" />
                            </instance_material>
                        </technique_common>
                    </bind_material>
                </instance_geometry>
                <instance_geometry url="#ID482">
                    <bind_material>
                        <technique_common>
                            <instance_material symbol="Material2" target="#ID125">
                                <bind_vertex_input semantic="UVSET0" input_semantic="TEXCOORD" input_set="0" />
                            </instance_material>
                        </technique_common>
                    </bind_material>
                </instance_geometry>
                <instance_geometry url="#ID486">
                    <bind_material>
                        <technique_common>
                            <instance_material symbol="Material2" target="#ID125">
                                <bind_vertex_input semantic="UVSET0" input_semantic="TEXCOORD" input_set="0" />
                            </instance_material>
                        </technique_common>
                    </bind_material>
                </instance_geometry>
                <instance_geometry url="#ID490">
                    <bind_material>
                        <technique_common>
                            <instance_material symbol="Material2" target="#ID125">
                                <bind_vertex_input semantic="UVSET0" input_semantic="TEXCOORD" input_set="0" />
                            </instance_material>
                        </technique_common>
                    </bind_material>
                </instance_geometry>
                <instance_geometry url="#ID494">
                    <bind_material>
                        <technique_common>
                            <instance_material symbol="Material2" target="#ID125">
                                <bind_vertex_input semantic="UVSET0" input_semantic="TEXCOORD" input_set="0" />
                            </instance_material>
                        </technique_common>
                    </bind_material>
                </instance_geometry>
                <instance_geometry url="#ID498">
                    <bind_material>
                        <technique_common>
                            <instance_material symbol="Material2" target="#ID125">
                                <bind_vertex_input semantic="UVSET0" input_semantic="TEXCOORD" input_set="0" />
                            </instance_material>
                        </technique_common>
                    </bind_material>
                </instance_geometry>
                <instance_geometry url="#ID502">
                    <bind_material>
                        <technique_common>
                            <instance_material symbol="Material2" target="#ID125">
                                <bind_vertex_input semantic="UVSET0" input_semantic="TEXCOORD" input_set="0" />
                            </instance_material>
                        </technique_common>
                    </bind_material>
                </instance_geometry>
                <instance_geometry url="#ID506">
                    <bind_material>
                        <technique_common>
                            <instance_material symbol="Material2" target="#ID125">
                                <bind_vertex_input semantic="UVSET0" input_semantic="TEXCOORD" input_set="0" />
                            </instance_material>
                        </technique_common>
                    </bind_material>
                </instance_geometry>
                <instance_geometry url="#ID510">
                    <bind_material>
                        <technique_common>
                            <instance_material symbol="Material2" target="#ID125">
                                <bind_vertex_input semantic="UVSET0" input_semantic="TEXCOORD" input_set="0" />
                            </instance_material>
                        </technique_common>
                    </bind_material>
                </instance_geometry>
                <instance_geometry url="#ID514">
                    <bind_material>
                        <technique_common>
                            <instance_material symbol="Material2" target="#ID125">
                                <bind_vertex_input semantic="UVSET0" input_semantic="TEXCOORD" input_set="0" />
                            </instance_material>
                        </technique_common>
                    </bind_material>
                </instance_geometry>
                <instance_geometry url="#ID518">
                    <bind_material>
                        <technique_common>
                            <instance_material symbol="Material2" target="#ID125">
                                <bind_vertex_input semantic="UVSET0" input_semantic="TEXCOORD" input_set="0" />
                            </instance_material>
                        </technique_common>
                    </bind_material>
                </instance_geometry>
                <instance_geometry url="#ID522">
                    <bind_material>
                        <technique_common>
                            <instance_material symbol="Material2" target="#ID125">
                                <bind_vertex_input semantic="UVSET0" input_semantic="TEXCOORD" input_set="0" />
                            </instance_material>
                        </technique_common>
                    </bind_material>
                </instance_geometry>
                <instance_geometry url="#ID526">
                    <bind_material>
                        <technique_common>
                            <instance_material symbol="Material2" target="#ID125">
                                <bind_vertex_input semantic="UVSET0" input_semantic="TEXCOORD" input_set="0" />
                            </instance_material>
                        </technique_common>
                    </bind_material>
                </instance_geometry>
                <instance_geometry url="#ID530">
                    <bind_material>
                        <technique_common>
                            <instance_material symbol="Material2" target="#ID125">
                                <bind_vertex_input semantic="UVSET0" input_semantic="TEXCOORD" input_set="0" />
                            </instance_material>
                        </technique_common>
                    </bind_material>
                </instance_geometry>
                <instance_geometry url="#ID534">
                    <bind_material>
                        <technique_common>
                            <instance_material symbol="Material2" target="#ID125">
                                <bind_vertex_input semantic="UVSET0" input_semantic="TEXCOORD" input_set="0" />
                            </instance_material>
                        </technique_common>
                    </bind_material>
                </instance_geometry>
                <instance_geometry url="#ID538">
                    <bind_material>
                        <technique_common>
                            <instance_material symbol="Material2" target="#ID125">
                                <bind_vertex_input semantic="UVSET0" input_semantic="TEXCOORD" input_set="0" />
                            </instance_material>
                        </technique_common>
                    </bind_material>
                </instance_geometry>
                <instance_geometry url="#ID542">
                    <bind_material>
                        <technique_common>
                            <instance_material symbol="Material2" target="#ID125">
                                <bind_vertex_input semantic="UVSET0" input_semantic="TEXCOORD" input_set="0" />
                            </instance_material>
                        </technique_common>
                    </bind_material>
                </instance_geometry>
                <instance_geometry url="#ID546">
                    <bind_material>
                        <technique_common>
                            <instance_material symbol="Material2" target="#ID125">
                                <bind_vertex_input semantic="UVSET0" input_semantic="TEXCOORD" input_set="0" />
                            </instance_material>
                        </technique_common>
                    </bind_material>
                </instance_geometry>
                <instance_geometry url="#ID550">
                    <bind_material>
                        <technique_common>
                            <instance_material symbol="Material2" target="#ID125">
                                <bind_vertex_input semantic="UVSET0" input_semantic="TEXCOORD" input_set="0" />
                            </instance_material>
                        </technique_common>
                    </bind_material>
                </instance_geometry>
                <instance_geometry url="#ID554">
                    <bind_material>
                        <technique_common>
                            <instance_material symbol="Material2" target="#ID125">
                                <bind_vertex_input semantic="UVSET0" input_semantic="TEXCOORD" input_set="0" />
                            </instance_material>
                        </technique_common>
                    </bind_material>
                </instance_geometry>
                <instance_geometry url="#ID558">
                    <bind_material>
                        <technique_common>
                            <instance_material symbol="Material2" target="#ID125">
                                <bind_vertex_input semantic="UVSET0" input_semantic="TEXCOORD" input_set="0" />
                            </instance_material>
                        </technique_common>
                    </bind_material>
                </instance_geometry>
                <instance_geometry url="#ID562">
                    <bind_material>
                        <technique_common>
                            <instance_material symbol="Material2" target="#ID125">
                                <bind_vertex_input semantic="UVSET0" input_semantic="TEXCOORD" input_set="0" />
                            </instance_material>
                        </technique_common>
                    </bind_material>
                </instance_geometry>
                <instance_geometry url="#ID566">
                    <bind_material>
                        <technique_common>
                            <instance_material symbol="Material2" target="#ID125">
                                <bind_vertex_input semantic="UVSET0" input_semantic="TEXCOORD" input_set="0" />
                            </instance_material>
                        </technique_common>
                    </bind_material>
                </instance_geometry>
                <node name="skp_camera_Last_Saved_SketchUp_View">
                    <matrix>0.537697 -0.4227124 -0.7295178 -692.9914 -0.8431382 -0.2695776 -0.4652376 -495.5756 5.551115e-17 0.8652411 -0.501356 -226.3307 0 0 0 1</matrix>
                    <instance_camera url="#ID1" />
                </node>
                <node id="ID3" name="group_0">
                    <matrix>1 0 0 -95.89506 0 1 0 -92.58597 0 0 1 389.3772 0 0 0 1</matrix>
                    <instance_geometry url="#ID4">
                        <bind_material>
                            <technique_common>
                                <instance_material symbol="Material2" target="#ID5">
                                    <bind_vertex_input semantic="UVSET0" input_semantic="TEXCOORD" input_set="0" />
                                </instance_material>
                                <instance_material symbol="Material3" target="#ID15">
                                    <bind_vertex_input semantic="UVSET0" input_semantic="TEXCOORD" input_set="0" />
                                </instance_material>
                            </technique_common>
                        </bind_material>
                    </instance_geometry>
                </node>
                <node id="ID21" name="instance_0">
                    <matrix>1 0 0 -142.9539 0 1 0 -147.5779 0 0 1 -7.888609e-31 0 0 0 1</matrix>
                    <instance_node url="#ID22" />
                </node>
                <node id="ID322" name="instance_27">
                    <matrix>1 0 0 -149.5177 0 1 0 -148.4096 0 0 1 121.6653 0 0 0 1</matrix>
                    <instance_node url="#ID22" />
                </node>
                <node id="ID323" name="instance_28">
                    <matrix>1 0 0 -95.21511 0 1 0 -54.21427 0 0 1 345.4008 0 0 0 1</matrix>
                    <instance_node url="#ID91" />
                </node>
                <node id="ID324" name="instance_29">
                    <matrix>1 0 0 -52.37608 0 1 0 -79.81731 0 0 1 345.4008 0 0 0 1</matrix>
                    <instance_node url="#ID91" />
                </node>
                <node id="ID325" name="instance_30">
                    <matrix>-5.598391e-15 -19.74314 -11.39871 -21.56664 1.601849e-14 11.39871 -19.74314 -29.00154 22.79742 -1.285759e-14 1.107322e-14 302.0846 0 0 0 1</matrix>
                    <instance_node url="#ID26" />
                </node>
                <node id="ID326" name="instance_31">
                    <matrix>1 0 0 -109.107 0 1 0 -79.16919 0 0 1 345.4008 0 0 0 1</matrix>
                    <instance_node url="#ID91" />
                </node>
                <node id="ID327" name="instance_32">
                    <matrix>-5.598391e-15 -19.74314 -11.39871 -80.7996 1.601849e-14 11.39871 -19.74314 -130.8374 22.79742 -1.285759e-14 1.107322e-14 302.0846 0 0 0 1</matrix>
                    <instance_node url="#ID26" />
                </node>
                <node id="ID328" name="instance_33">
                    <matrix>1 0 0 -94.48106 0 1 0 -103.8058 0 0 1 345.4008 0 0 0 1</matrix>
                    <instance_node url="#ID91" />
                </node>
                <node id="ID329" name="instance_34">
                    <matrix>1.107322e-14 1.421085e-14 -22.79742 -7.280503 1.285759e-14 22.79742 1.421085e-14 -103.1312 22.79742 -1.285759e-14 1.107322e-14 302.0846 0 0 0 1</matrix>
                    <instance_node url="#ID26" />
                </node>
                <node id="ID330" name="instance_35">
                    <matrix>1 0 0 -66.45089 0 1 0 -104.2978 0 0 1 345.4008 0 0 0 1</matrix>
                    <instance_node url="#ID91" />
                </node>
                <node id="ID331" name="instance_36">
                    <matrix>1.107322e-14 1.421085e-14 -22.79742 -127.9817 1.285759e-14 22.79742 1.421085e-14 -104.4025 22.79742 -1.285759e-14 1.107322e-14 302.2856 0 0 0 1</matrix>
                    <instance_node url="#ID26" />
                </node>
                <node id="ID332" name="instance_37">
                    <matrix>1 0 0 -67.23769 0 1 0 -54.0366 0 0 1 345.4008 0 0 0 1</matrix>
                    <instance_node url="#ID91" />
                </node>
                <node id="ID333" name="instance_38">
                    <matrix>1 0 0 -151.0341 0 1 0 -149.8614 0 0 1 241.3586 0 0 0 1</matrix>
                    <instance_node url="#ID24" />
                </node>
                <node id="ID334" name="instance_39">
                    <matrix>1.667161e-14 19.74314 -11.39871 -64.5591 -3.160895e-15 11.39871 19.74314 -152.0733 22.79742 -1.285759e-14 1.107322e-14 302.0846 0 0 0 1</matrix>
                    <instance_node url="#ID26" />
                </node>
                <node id="ID335" name="instance_40">
                    <matrix>1.667161e-14 19.74314 -11.39871 -127.1112 -3.160895e-15 11.39871 19.74314 -50.595 22.79742 -1.285759e-14 1.107322e-14 302.0846 0 0 0 1</matrix>
                    <instance_node url="#ID26" />
                </node>
            </node>
        </visual_scene>
    </library_visual_scenes>
    <library_geometries>
        <geometry id="ID4">
            <mesh>
                <source id="ID10">
                    <float_array id="ID17" count="252">8.267998 28.64118 0 8.267998 1.421085e-14 0 0 14.32059 0 24.80399 28.64118 0 24.80399 0 0 33.07199 14.32059 0 33.07199 14.32059 0 24.80399 28.64118 0 24.80399 0 0 8.267998 1.421085e-14 0 8.267998 28.64118 0 0 14.32059 0 0 14.32059 0 8.267998 1.421085e-14 0 8.267998 28.64118 0 24.80399 28.64118 0 33.07199 14.32059 0 24.80399 0 0 0 14.32059 61.06299 8.267998 1.421085e-14 0 8.267998 1.421085e-14 61.06299 0 14.32059 0 0 14.32059 0 0 14.32059 61.06299 8.267998 1.421085e-14 0 8.267998 1.421085e-14 61.06299 8.267998 1.421085e-14 61.06299 0 14.32059 61.06299 8.267998 28.64118 61.06299 0 14.32059 0 0 14.32059 61.06299 8.267998 28.64118 0 8.267998 28.64118 0 8.267998 28.64118 61.06299 0 14.32059 0 0 14.32059 61.06299 8.267998 28.64118 61.06299 8.267998 28.64118 61.06299 24.80399 28.64118 0 8.267998 28.64118 0 24.80399 28.64118 61.06299 24.80399 28.64118 61.06299 8.267998 28.64118 61.06299 24.80399 28.64118 0 8.267998 28.64118 0 24.80399 28.64118 61.06299 24.80399 28.64118 0 33.07199 14.32059 61.06299 33.07199 14.32059 0 24.80399 28.64118 61.06299 24.80399 28.64118 61.06299 24.80399 28.64118 0 33.07199 14.32059 61.06299 33.07199 14.32059 0 33.07199 14.32059 61.06299 33.07199 14.32059 0 24.80399 0 61.06299 24.80399 0 0 33.07199 14.32059 61.06299 33.07199 14.32059 61.06299 33.07199 14.32059 0 24.80399 0 61.06299 24.80399 0 0 24.80399 0 61.06299 24.80399 0 61.06299 8.267998 1.421085e-14 0 24.80399 0 0 8.267998 1.421085e-14 61.06299 8.267998 1.421085e-14 61.06299 24.80399 0 61.06299 8.267998 1.421085e-14 0 24.80399 0 0 8.267998 1.421085e-14 61.06299 8.267998 28.64118 61.06299 0 14.32059 61.06299 24.80399 28.64118 61.06299 24.80399 0 61.06299 33.07199 14.32059 61.06299 33.07199 14.32059 61.06299 24.80399 0 61.06299 24.80399 28.64118 61.06299 8.267998 1.421085e-14 61.06299 8.267998 28.64118 61.06299 0 14.32059 61.06299</float_array>
                    <technique_common>
                        <accessor count="84" source="#ID17" stride="3">
                            <param name="X" type="float" />
                            <param name="Y" type="float" />
                            <param name="Z" type="float" />
                        </accessor>
                    </technique_common>
                </source>
                <source id="ID11">
                    <float_array id="ID18" count="252">-4.373093e-46 -3.030309e-61 -1 -4.373093e-46 -3.030309e-61 -1 -4.373093e-46 -3.030309e-61 -1 -4.373093e-46 -3.030309e-61 -1 -4.373093e-46 -3.030309e-61 -1 -4.373093e-46 -3.030309e-61 -1 4.373093e-46 3.030309e-61 1 4.373093e-46 3.030309e-61 1 4.373093e-46 3.030309e-61 1 4.373093e-46 3.030309e-61 1 4.373093e-46 3.030309e-61 1 4.373093e-46 3.030309e-61 1 0 0 0 0 0 0 0 0 0 0 0 0 0 0 0 0 0 0 -0.8660254 -0.5 3.787209e-46 -0.8660254 -0.5 3.787209e-46 -0.8660254 -0.5 3.787209e-46 -0.8660254 -0.5 3.787209e-46 0.8660254 0.5 -3.787209e-46 0.8660254 0.5 -3.787209e-46 0.8660254 0.5 -3.787209e-46 0.8660254 0.5 -3.787209e-46 0 0 0 0 0 0 -0.8660254 0.5 3.787209e-46 -0.8660254 0.5 3.787209e-46 -0.8660254 0.5 3.787209e-46 -0.8660254 0.5 3.787209e-46 0.8660254 -0.5 -3.787209e-46 0.8660254 -0.5 -3.787209e-46 0.8660254 -0.5 -3.787209e-46 0.8660254 -0.5 -3.787209e-46 0 0 0 0 1 -3.030309e-61 0 1 -3.030309e-61 0 1 -3.030309e-61 0 1 -3.030309e-61 -0 -1 3.030309e-61 -0 -1 3.030309e-61 -0 -1 3.030309e-61 -0 -1 3.030309e-61 0 0 0 0.8660254 0.5 -3.787209e-46 0.8660254 0.5 -3.787209e-46 0.8660254 0.5 -3.787209e-46 0.8660254 0.5 -3.787209e-46 -0.8660254 -0.5 3.787209e-46 -0.8660254 -0.5 3.787209e-46 -0.8660254 -0.5 3.787209e-46 -0.8660254 -0.5 3.787209e-46 0 0 0 0.8660254 -0.5 -3.787209e-46 0.8660254 -0.5 -3.787209e-46 0.8660254 -0.5 -3.787209e-46 0.8660254 -0.5 -3.787209e-46 -0.8660254 0.5 3.787209e-46 -0.8660254 0.5 3.787209e-46 -0.8660254 0.5 3.787209e-46 -0.8660254 0.5 3.787209e-46 0 0 0 -8.593891e-16 -1 6.788498e-61 -8.593891e-16 -1 6.788498e-61 -8.593891e-16 -1 6.788498e-61 -8.593891e-16 -1 6.788498e-61 8.593891e-16 1 -6.788498e-61 8.593891e-16 1 -6.788498e-61 8.593891e-16 1 -6.788498e-61 8.593891e-16 1 -6.788498e-61 4.373093e-46 3.030309e-61 1 4.373093e-46 3.030309e-61 1 4.373093e-46 3.030309e-61 1 4.373093e-46 3.030309e-61 1 4.373093e-46 3.030309e-61 1 4.373093e-46 3.030309e-61 1 -4.373093e-46 -3.030309e-61 -1 -4.373093e-46 -3.030309e-61 -1 -4.373093e-46 -3.030309e-61 -1 -4.373093e-46 -3.030309e-61 -1 -4.373093e-46 -3.030309e-61 -1 -4.373093e-46 -3.030309e-61 -1</float_array>
                    <technique_common>
                        <accessor count="84" source="#ID18" stride="3">
                            <param name="X" type="float" />
                            <param name="Y" type="float" />
                            <param name="Z" type="float" />
                        </accessor>
                    </technique_common>
                </source>
                <source id="ID12">
                    <Name_array id="ID20" count="0" />
                    <technique_common>
                        <accessor count="0" source="#ID20" stride="1">
                            <param name="skp_material" type="Name" />
                        </accessor>
                    </technique_common>
                </source>
                <source id="ID14">
                    <float_array id="ID19" count="72">-0.1531111 0.5303923 -0.1531111 2.63164e-16 0 0.2651961 -0.4593332 0.5303923 -0.4593332 -6.087002e-107 -0.6124443 0.2651961 -0.2296666 1.130796 0.07655553 5.021767e-47 0.07655553 1.130796 -0.2296666 5.021767e-47 -0.5358887 1.130796 -0.2296666 -5.021767e-47 -0.2296666 1.130796 -0.5358887 -5.021767e-47 -0.1531111 1.130796 -0.4593332 1.607253e-61 -0.1531111 1.607253e-61 -0.4593332 1.130796 0.2296666 2.510883e-46 -0.07655553 1.130796 -0.07655553 2.510883e-46 0.2296666 1.130796 0.5358887 1.50653e-46 0.2296666 1.130796 0.2296666 1.50653e-46 0.5358887 1.130796 0.4593332 1.130796 0.1531111 2.679732e-76 0.4593332 2.679732e-76 0.1531111 1.130796 0.1531111 2.63164e-16 0.1531111 0.5303923 -4.945076e-46 0.2651961 0.4593332 0.5303923 0.4593332 -3.426662e-61 0.6124443 0.2651961</float_array>
                    <technique_common>
                        <accessor count="36" source="#ID19" stride="2">
                            <param name="S" type="float" />
                            <param name="T" type="float" />
                        </accessor>
                    </technique_common>
                </source>
                <vertices id="ID13">
                    <input semantic="POSITION" source="#ID10" />
                    <input semantic="NORMAL" source="#ID11" />
                </vertices>
                <triangles count="40" material="Material2">
                    <input offset="0" semantic="VERTEX" source="#ID13" />
                    <input offset="1" semantic="TEXCOORD" source="#ID14" />
                    <p>0 0 1 1 2 2 1 1 0 0 3 3 1 1 3 3 4 4 4 4 3 3 5 5 6 5 7 3 8 4 8 4 7 3 9 1 7 3 10 0 9 1 11 2 9 1 10 0 18 6 19 7 20 8 19 7 18 6 21 9 22 9 23 6 24 7 25 8 24 7 23 6 28 10 29 11 30 12 29 11 28 10 31 13 32 13 33 10 34 11 35 12 34 11 33 10 37 14 38 15 39 16 38 15 37 14 40 17 41 17 42 14 43 15 44 16 43 15 42 14 46 18 47 19 48 20 47 19 46 18 49 21 50 21 51 18 52 19 53 20 52 19 51 18 55 22 56 23 57 24 56 23 55 22 58 25 59 25 60 22 61 23 62 24 61 23 60 22 64 26 65 27 66 28 65 27 64 26 67 29 68 29 69 26 70 27 71 28 70 27 69 26 72 30 73 31 74 32 73 31 72 30 75 33 75 33 72 30 76 34 75 33 76 34 77 35 78 35 79 34 80 33 79 34 81 30 80 33 80 33 81 30 82 31 83 32 82 31 81 30</p>
                </triangles>
                <lines count="18" material="Material3">
                    <input offset="0" semantic="VERTEX" source="#ID13" />
                    <p>12 13 14 12 15 14 16 15 17 16 13 17 13 26 27 26 12 27 36 27 14 36 45 36 15 45 54 45 16 54 63 54 17 63 26 63</p>
                </lines>
            </mesh>
        </geometry>
        <geometry id="ID30">
            <mesh>
                <source id="ID33">
                    <float_array id="ID39" count="360">0.0984252 0.3409549 0 0.0246596 0.1704774 3.885781e-16 0 0.1704774 0 0.110755 0.319599 3.885781e-16 0.2952756 0.3409549 0 0.2829458 0.319599 3.885781e-16 0.3690412 0.1704774 3.885781e-16 0.3937008 0.1704774 0 0.0984252 2.775558e-17 0 0.110755 0.02135584 3.885781e-16 0.2952756 0 0 0.2829458 0.02135584 3.885781e-16 0.3937008 0.1704774 0 0.3690412 0.1704774 3.885781e-16 0.2952756 0 0 0.2829458 0.02135584 3.885781e-16 0.110755 0.02135584 3.885781e-16 0.0984252 2.775558e-17 0 0.0246596 0.1704774 3.885781e-16 0 0.1704774 0 0.2952756 0.3409549 0 0.2829458 0.319599 3.885781e-16 0.110755 0.319599 3.885781e-16 0.0984252 0.3409549 0 0 0.1704774 0 0.0984252 2.775558e-17 0 0.0984252 0.3409549 0 0.2952756 0.3409549 0 0.3937008 0.1704774 0 0.2952756 0 0 0.2829458 0.319599 3.885781e-16 0.110755 0.319599 3.885781e-16 0.0246596 0.1704774 3.885781e-16 0.110755 0.02135584 3.885781e-16 0.2829458 0.02135584 3.885781e-16 0.3690412 0.1704774 3.885781e-16 0 0.1704774 1.062992 0.0984252 2.775558e-17 0 0.0984252 2.775558e-17 1.062992 0 0.1704774 0 0 0.1704774 0 0 0.1704774 1.062992 0.0984252 2.775558e-17 0 0.0984252 2.775558e-17 1.062992 0.0984252 2.775558e-17 1.062992 0 0.1704774 1.062992 0.0984252 0.3409549 1.062992 0 0.1704774 0 0 0.1704774 1.062992 0.0984252 0.3409549 0 0.0984252 0.3409549 0 0.0984252 0.3409549 1.062992 0 0.1704774 0 0 0.1704774 1.062992 0.0984252 0.3409549 1.062992 0.0984252 0.3409549 1.062992 0.2952756 0.3409549 0 0.0984252 0.3409549 0 0.2952756 0.3409549 1.062992 0.2952756 0.3409549 1.062992 0.0984252 0.3409549 1.062992 0.2952756 0.3409549 0 0.0984252 0.3409549 0 0.2952756 0.3409549 1.062992 0.2952756 0.3409549 0 0.3937008 0.1704774 1.062992 0.3937008 0.1704774 0 0.2952756 0.3409549 1.062992 0.2952756 0.3409549 1.062992 0.2952756 0.3409549 0 0.3937008 0.1704774 1.062992 0.3937008 0.1704774 0 0.3937008 0.1704774 1.062992 0.3937008 0.1704774 0 0.2952756 0 1.062992 0.2952756 0 0 0.3937008 0.1704774 1.062992 0.3937008 0.1704774 1.062992 0.3937008 0.1704774 0 0.2952756 0 1.062992 0.2952756 0 0 0.2952756 0 1.062992 0.2952756 0 1.062992 0.0984252 2.775558e-17 0 0.2952756 0 0 0.0984252 2.775558e-17 1.062992 0.0984252 2.775558e-17 1.062992 0.2952756 0 1.062992 0.0984252 2.775558e-17 0 0.2952756 0 0 0.0984252 2.775558e-17 1.062992 0.0246596 0.1704774 1.062992 0 0.1704774 1.062992 0.110755 0.02135584 1.062992 0.2952756 0 1.062992 0.2829458 0.02135584 1.062992 0.3690412 0.1704774 1.062992 0.3937008 0.1704774 1.062992 0.0984252 0.3409549 1.062992 0.110755 0.319599 1.062992 0.2952756 0.3409549 1.062992 0.2829458 0.319599 1.062992 0.3937008 0.1704774 1.062992 0.3690412 0.1704774 1.062992 0.2952756 0.3409549 1.062992 0.2829458 0.319599 1.062992 0.110755 0.319599 1.062992 0.0984252 0.3409549 1.062992 0.0246596 0.1704774 1.062992 0 0.1704774 1.062992 0.2952756 0 1.062992 0.2829458 0.02135584 1.062992 0.110755 0.02135584 1.062992 0.0984252 2.775558e-17 1.062992 0.2829458 0.319599 1.062992 0.110755 0.319599 1.062992 0.3690412 0.1704774 1.062992 0.2829458 0.02135584 1.062992 0.110755 0.02135584 1.062992 0.0246596 0.1704774 1.062992</float_array>
                    <technique_common>
                        <accessor count="120" source="#ID39" stride="3">
                            <param name="X" type="float" />
                            <param name="Y" type="float" />
                            <param name="Z" type="float" />
                        </accessor>
                    </technique_common>
                </source>
                <source id="ID34">
                    <float_array id="ID40" count="360">-0 -0 -1 -0 -0 -1 -0 -0 -1 -0 -0 -1 -0 -0 -1 -0 -0 -1 -0 -0 -1 -0 -0 -1 -0 -0 -1 -0 -0 -1 -0 -0 -1 -0 -0 -1 0 0 1 0 0 1 0 0 1 0 0 1 0 0 1 0 0 1 0 0 1 0 0 1 0 0 1 0 0 1 0 0 1 0 0 1 0 0 0 0 0 0 0 0 0 0 0 0 0 0 0 0 0 0 0 0 0 0 0 0 0 0 0 0 0 0 0 0 0 0 0 0 -0.8660254 -0.5 0 -0.8660254 -0.5 0 -0.8660254 -0.5 0 -0.8660254 -0.5 0 0.8660254 0.5 -0 0.8660254 0.5 -0 0.8660254 0.5 -0 0.8660254 0.5 -0 0 0 0 0 0 0 -0.8660254 0.5 0 -0.8660254 0.5 0 -0.8660254 0.5 0 -0.8660254 0.5 0 0.8660254 -0.5 -0 0.8660254 -0.5 -0 0.8660254 -0.5 -0 0.8660254 -0.5 -0 0 0 0 5.639933e-16 1 0 5.639933e-16 1 0 5.639933e-16 1 0 5.639933e-16 1 0 -5.639933e-16 -1 -0 -5.639933e-16 -1 -0 -5.639933e-16 -1 -0 -5.639933e-16 -1 -0 0 0 0 0.8660254 0.5 0 0.8660254 0.5 0 0.8660254 0.5 0 0.8660254 0.5 0 -0.8660254 -0.5 -0 -0.8660254 -0.5 -0 -0.8660254 -0.5 -0 -0.8660254 -0.5 -0 0 0 0 0.8660254 -0.5 0 0.8660254 -0.5 0 0.8660254 -0.5 0 0.8660254 -0.5 0 -0.8660254 0.5 -0 -0.8660254 0.5 -0 -0.8660254 0.5 -0 -0.8660254 0.5 -0 0 0 0 -1.409983e-16 -1 0 -1.409983e-16 -1 0 -1.409983e-16 -1 0 -1.409983e-16 -1 0 1.409983e-16 1 -0 1.409983e-16 1 -0 1.409983e-16 1 -0 1.409983e-16 1 -0 0 0 1 0 0 1 0 0 1 0 0 1 0 0 1 0 0 1 0 0 1 0 0 1 0 0 1 0 0 1 0 0 1 0 0 1 -0 -0 -1 -0 -0 -1 -0 -0 -1 -0 -0 -1 -0 -0 -1 -0 -0 -1 -0 -0 -1 -0 -0 -1 -0 -0 -1 -0 -0 -1 -0 -0 -1 -0 -0 -1 0 0 0 0 0 0 0 0 0 0 0 0 0 0 0 0 0 0</float_array>
                    <technique_common>
                        <accessor count="120" source="#ID40" stride="3">
                            <param name="X" type="float" />
                            <param name="Y" type="float" />
                            <param name="Z" type="float" />
                        </accessor>
                    </technique_common>
                </source>
                <source id="ID35">
                    <Name_array id="ID41" count="0" />
                    <technique_common>
                        <accessor count="0" source="#ID41" stride="1">
                            <param name="skp_material" type="Name" />
                        </accessor>
                    </technique_common>
                </source>
                <vertices id="ID36">
                    <input semantic="POSITION" source="#ID33" />
                    <input semantic="NORMAL" source="#ID34" />
                </vertices>
                <triangles count="72" material="Material2">
                    <input offset="0" semantic="VERTEX" source="#ID36" />
                    <p>0 1 2 1 0 3 3 0 4 3 4 5 5 4 6 6 4 7 1 8 2 8 1 9 8 9 10 10 9 11 10 11 6 10 6 7 12 13 14 13 15 14 15 16 14 14 16 17 16 18 17 19 17 18 12 20 13 13 20 21 21 20 22 20 23 22 22 23 18 19 18 23 36 37 38 37 36 39 40 41 42 43 42 41 46 47 48 47 46 49 50 51 52 53 52 51 55 56 57 56 55 58 59 60 61 62 61 60 64 65 66 65 64 67 68 69 70 71 70 69 73 74 75 74 73 76 77 78 79 80 79 78 82 83 84 83 82 85 86 87 88 89 88 87 90 91 92 91 90 93 93 90 94 93 94 95 95 94 96 96 94 97 91 98 92 98 91 99 98 99 100 100 99 101 100 101 96 100 96 97 102 103 104 103 105 104 105 106 104 104 106 107 106 108 107 109 107 108 102 110 103 103 110 111 111 110 112 110 113 112 112 113 108 109 108 113</p>
                </triangles>
                <lines count="30" material="Material3">
                    <input offset="0" semantic="VERTEX" source="#ID36" />
                    <p>24 25 26 24 27 26 28 27 29 28 25 29 30 31 31 32 32 33 33 34 34 35 35 30 25 44 45 44 24 45 54 45 26 54 63 54 27 63 72 63 28 72 81 72 29 81 44 81 114 115 116 114 117 116 118 117 119 118 115 119</p>
                </lines>
            </mesh>
        </geometry>
        <geometry id="ID42">
            <mesh>
                <source id="ID43">
                    <float_array id="ID47" count="180">0.2829458 0.319599 1.062992 0.110755 0.319599 3.885781e-16 0.2829458 0.319599 3.885781e-16 0.110755 0.319599 1.062992 0.110755 0.319599 1.062992 0.2829458 0.319599 1.062992 0.110755 0.319599 3.885781e-16 0.2829458 0.319599 3.885781e-16 0.2829458 0.319599 1.062992 0.110755 0.319599 1.062992 0.110755 0.319599 3.885781e-16 0.2829458 0.319599 3.885781e-16 0.110755 0.319599 3.885781e-16 0.0246596 0.1704774 1.062992 0.0246596 0.1704774 3.885781e-16 0.110755 0.319599 1.062992 0.110755 0.319599 1.062992 0.110755 0.319599 3.885781e-16 0.0246596 0.1704774 1.062992 0.0246596 0.1704774 3.885781e-16 0.0246596 0.1704774 1.062992 0.0246596 0.1704774 3.885781e-16 0.2829458 0.319599 1.062992 0.3690412 0.1704774 3.885781e-16 0.3690412 0.1704774 1.062992 0.2829458 0.319599 3.885781e-16 0.2829458 0.319599 3.885781e-16 0.2829458 0.319599 1.062992 0.3690412 0.1704774 3.885781e-16 0.3690412 0.1704774 1.062992 0.3690412 0.1704774 1.062992 0.3690412 0.1704774 3.885781e-16 0.0246596 0.1704774 3.885781e-16 0.110755 0.02135584 1.062992 0.110755 0.02135584 3.885781e-16 0.0246596 0.1704774 1.062992 0.0246596 0.1704774 1.062992 0.0246596 0.1704774 3.885781e-16 0.110755 0.02135584 1.062992 0.110755 0.02135584 3.885781e-16 0.110755 0.02135584 1.062992 0.110755 0.02135584 3.885781e-16 0.3690412 0.1704774 1.062992 0.2829458 0.02135584 3.885781e-16 0.2829458 0.02135584 1.062992 0.3690412 0.1704774 3.885781e-16 0.3690412 0.1704774 3.885781e-16 0.3690412 0.1704774 1.062992 0.2829458 0.02135584 3.885781e-16 0.2829458 0.02135584 1.062992 0.2829458 0.02135584 1.062992 0.2829458 0.02135584 3.885781e-16 0.110755 0.02135584 1.062992 0.2829458 0.02135584 3.885781e-16 0.110755 0.02135584 3.885781e-16 0.2829458 0.02135584 1.062992 0.2829458 0.02135584 1.062992 0.110755 0.02135584 1.062992 0.2829458 0.02135584 3.885781e-16 0.110755 0.02135584 3.885781e-16</float_array>
                    <technique_common>
                        <accessor count="60" source="#ID47" stride="3">
                            <param name="X" type="float" />
                            <param name="Y" type="float" />
                            <param name="Z" type="float" />
                        </accessor>
                    </technique_common>
                </source>
                <source id="ID44">
                    <float_array id="ID48" count="180">-6.447633e-16 -1 -0 -6.447633e-16 -1 -0 -6.447633e-16 -1 -0 -6.447633e-16 -1 -0 6.447633e-16 1 0 6.447633e-16 1 0 6.447633e-16 1 0 6.447633e-16 1 0 0 0 0 0 0 0 0 0 0 0 0 0 0.8660254 -0.5 0 0.8660254 -0.5 0 0.8660254 -0.5 0 0.8660254 -0.5 0 -0.8660254 0.5 -0 -0.8660254 0.5 -0 -0.8660254 0.5 -0 -0.8660254 0.5 -0 0 0 0 0 0 0 -0.8660254 -0.5 -0 -0.8660254 -0.5 -0 -0.8660254 -0.5 -0 -0.8660254 -0.5 -0 0.8660254 0.5 0 0.8660254 0.5 0 0.8660254 0.5 0 0.8660254 0.5 0 0 0 0 0 0 0 0.8660254 0.5 0 0.8660254 0.5 0 0.8660254 0.5 0 0.8660254 0.5 0 -0.8660254 -0.5 -0 -0.8660254 -0.5 -0 -0.8660254 -0.5 -0 -0.8660254 -0.5 -0 0 0 0 0 0 0 -0.8660254 0.5 0 -0.8660254 0.5 0 -0.8660254 0.5 0 -0.8660254 0.5 0 0.8660254 -0.5 -0 0.8660254 -0.5 -0 0.8660254 -0.5 -0 0.8660254 -0.5 -0 0 0 0 0 0 0 3.223817e-16 1 0 3.223817e-16 1 0 3.223817e-16 1 0 3.223817e-16 1 0 -3.223817e-16 -1 -0 -3.223817e-16 -1 -0 -3.223817e-16 -1 -0 -3.223817e-16 -1 -0</float_array>
                    <technique_common>
                        <accessor count="60" source="#ID48" stride="3">
                            <param name="X" type="float" />
                            <param name="Y" type="float" />
                            <param name="Z" type="float" />
                        </accessor>
                    </technique_common>
                </source>
                <source id="ID45">
                    <Name_array id="ID49" count="0" />
                    <technique_common>
                        <accessor count="0" source="#ID49" stride="1">
                            <param name="skp_material" type="Name" />
                        </accessor>
                    </technique_common>
                </source>
                <vertices id="ID46">
                    <input semantic="POSITION" source="#ID43" />
                    <input semantic="NORMAL" source="#ID44" />
                </vertices>
                <triangles count="24" material="Material2">
                    <input offset="0" semantic="VERTEX" source="#ID46" />
                    <p>0 1 2 1 0 3 4 5 6 7 6 5 12 13 14 13 12 15 16 17 18 19 18 17 22 23 24 23 22 25 26 27 28 29 28 27 32 33 34 33 32 35 36 37 38 39 38 37 42 43 44 43 42 45 46 47 48 49 48 47 52 53 54 53 52 55 56 57 58 59 58 57</p>
                </triangles>
                <lines count="18" material="Material3">
                    <input offset="0" semantic="VERTEX" source="#ID46" />
                    <p>8 9 9 10 11 10 8 11 9 20 20 21 10 21 30 8 31 11 30 31 20 40 40 41 21 41 50 30 51 31 50 51 40 50 41 51</p>
                </lines>
            </mesh>
        </geometry>
        <geometry id="ID92">
            <mesh>
                <source id="ID95">
                    <float_array id="ID101" count="588">0.6623829 2.293753 17.91339 0.9611491 2.399066 0 0.6623829 2.293753 0 0.9611491 2.399066 17.91339 0.9611491 2.399066 17.91339 0.6623829 2.293753 17.91339 0.9611491 2.399066 0 0.6623829 2.293753 0 0.6623829 2.293753 0 0.9611491 2.399066 0 0.6623829 2.293753 17.91339 0.9611491 2.399066 17.91339 0.401054 2.114702 17.91339 0.401054 2.114702 0 0.401054 2.114702 17.91339 0.401054 2.114702 0 0.401054 2.114702 0 0.401054 2.114702 17.91339 0.02439818 0.9611491 17.91339 0.05817935 1.588388 17.91339 0 1.276992 17.91339 0.1297112 0.6623829 17.91339 0.1949714 1.874115 17.91339 0.3087621 0.401054 17.91339 0.401054 2.114702 17.91339 0.5493489 0.1949714 17.91339 0.6623829 2.293753 17.91339 0.8350761 0.05817935 17.91339 0.9611491 2.399066 17.91339 1.146472 0 17.91339 1.276992 2.423464 17.91339 1.462315 0.02439818 17.91339 1.588388 2.365284 17.91339 1.761081 0.1297112 17.91339 1.874115 2.228492 17.91339 2.02241 0.3087621 17.91339 2.114702 2.02241 17.91339 2.228492 0.5493489 17.91339 2.293753 1.761081 17.91339 2.365284 0.8350761 17.91339 2.399066 1.462315 17.91339 2.423464 1.146472 17.91339 2.423464 1.146472 17.91339 2.365284 0.8350761 17.91339 2.399066 1.462315 17.91339 2.293753 1.761081 17.91339 2.228492 0.5493489 17.91339 2.114702 2.02241 17.91339 2.02241 0.3087621 17.91339 1.874115 2.228492 17.91339 1.761081 0.1297112 17.91339 1.588388 2.365284 17.91339 1.462315 0.02439818 17.91339 1.276992 2.423464 17.91339 1.146472 0 17.91339 0.9611491 2.399066 17.91339 0.8350761 0.05817935 17.91339 0.6623829 2.293753 17.91339 0.5493489 0.1949714 17.91339 0.401054 2.114702 17.91339 0.3087621 0.401054 17.91339 0.1949714 1.874115 17.91339 0.1297112 0.6623829 17.91339 0.05817935 1.588388 17.91339 0.02439818 0.9611491 17.91339 0 1.276992 17.91339 1.874115 2.228492 17.91339 2.114702 2.02241 17.91339 1.588388 2.365284 17.91339 1.276992 2.423464 17.91339 0.1949714 1.874115 17.91339 0.05817935 1.588388 17.91339 0 1.276992 17.91339 0.02439818 0.9611491 17.91339 0.1297112 0.6623829 17.91339 0.3087621 0.401054 17.91339 0.5493489 0.1949714 17.91339 0.8350761 0.05817935 17.91339 1.146472 0 17.91339 1.462315 0.02439818 17.91339 1.761081 0.1297112 17.91339 2.02241 0.3087621 17.91339 2.228492 0.5493489 17.91339 2.365284 0.8350761 17.91339 2.423464 1.146472 17.91339 2.399066 1.462315 17.91339 2.293753 1.761081 17.91339 1.276992 2.423464 0 1.276992 2.423464 17.91339 1.276992 2.423464 17.91339 1.276992 2.423464 0 1.276992 2.423464 0 0.1949714 1.874115 0 0.1949714 1.874115 17.91339 0.1949714 1.874115 0 0.1949714 1.874115 17.91339 0.1949714 1.874115 0 1.874115 2.228492 17.91339 2.114702 2.02241 0 1.874115 2.228492 0 2.114702 2.02241 17.91339 2.114702 2.02241 17.91339 1.874115 2.228492 17.91339 2.114702 2.02241 0 1.874115 2.228492 0 1.874115 2.228492 0 2.114702 2.02241 0 1.588388 2.365284 17.91339 1.874115 2.228492 0 1.588388 2.365284 0 1.874115 2.228492 17.91339 1.874115 2.228492 17.91339 1.588388 2.365284 17.91339 1.874115 2.228492 0 1.588388 2.365284 0 1.588388 2.365284 0 0.05817935 1.588388 0 0.05817935 1.588388 17.91339 0.05817935 1.588388 0 0.05817935 1.588388 17.91339 0.05817935 1.588388 0 0 1.276992 0 0 1.276992 17.91339 0 1.276992 0 0 1.276992 17.91339 0 1.276992 0 0.02439818 0.9611491 0 0.02439818 0.9611491 17.91339 0.02439818 0.9611491 0 0.02439818 0.9611491 17.91339 0.02439818 0.9611491 0 0.1297112 0.6623829 0 0.1297112 0.6623829 17.91339 0.1297112 0.6623829 0 0.1297112 0.6623829 17.91339 0.1297112 0.6623829 0 0.3087621 0.401054 0 0.3087621 0.401054 17.91339 0.3087621 0.401054 0 0.3087621 0.401054 17.91339 0.3087621 0.401054 0 0.5493489 0.1949714 17.91339 0.5493489 0.1949714 0 0.5493489 0.1949714 17.91339 0.5493489 0.1949714 0 0.5493489 0.1949714 0 0.8350761 0.05817935 17.91339 0.8350761 0.05817935 0 0.8350761 0.05817935 17.91339 0.8350761 0.05817935 0 0.8350761 0.05817935 0 1.146472 0 17.91339 1.146472 0 0 1.146472 0 17.91339 1.146472 0 0 1.146472 0 0 1.462315 0.02439818 17.91339 1.462315 0.02439818 0 1.462315 0.02439818 17.91339 1.462315 0.02439818 0 1.462315 0.02439818 0 1.761081 0.1297112 17.91339 1.761081 0.1297112 0 1.761081 0.1297112 17.91339 1.761081 0.1297112 0 1.761081 0.1297112 0 2.02241 0.3087621 17.91339 2.02241 0.3087621 0 2.02241 0.3087621 17.91339 2.02241 0.3087621 0 2.02241 0.3087621 0 2.228492 0.5493489 0 2.228492 0.5493489 17.91339 2.228492 0.5493489 17.91339 2.228492 0.5493489 0 2.228492 0.5493489 0 2.365284 0.8350761 0 2.365284 0.8350761 17.91339 2.365284 0.8350761 17.91339 2.365284 0.8350761 0 2.365284 0.8350761 0 2.423464 1.146472 0 2.423464 1.146472 17.91339 2.423464 1.146472 17.91339 2.423464 1.146472 0 2.423464 1.146472 0 2.399066 1.462315 0 2.399066 1.462315 17.91339 2.399066 1.462315 17.91339 2.399066 1.462315 0 2.399066 1.462315 0 2.293753 1.761081 0 2.293753 1.761081 17.91339 2.293753 1.761081 17.91339 2.293753 1.761081 0 2.293753 1.761081 0</float_array>
                    <technique_common>
                        <accessor count="196" source="#ID101" stride="3">
                            <param name="X" type="float" />
                            <param name="Y" type="float" />
                            <param name="Z" type="float" />
                        </accessor>
                    </technique_common>
                </source>
                <source id="ID96">
                    <float_array id="ID102" count="588">-0.4527024 0.8916617 0 -0.2064979 0.978447 0 -0.4527024 0.8916617 0 -0.2064979 0.978447 0 0.2064979 -0.978447 -0 0.4527024 -0.8916617 -0 0.2064979 -0.978447 -0 0.4527024 -0.8916617 -0 0 0 0 0 0 0 0 0 0 0 0 0 -0.668056 0.744111 0 -0.668056 0.744111 0 0.668056 -0.744111 -0 0.668056 -0.744111 -0 0 0 0 0 0 0 0 0 1 0 0 1 0 0 1 0 0 1 0 0 1 0 0 1 0 0 1 0 0 1 0 0 1 0 0 1 0 0 1 0 0 1 0 0 1 0 0 1 0 0 1 0 0 1 0 0 1 0 0 1 0 0 1 0 0 1 0 0 1 0 0 1 0 0 1 0 0 1 -0 -0 -1 -0 -0 -1 -0 -0 -1 -0 -0 -1 -0 -0 -1 -0 -0 -1 -0 -0 -1 -0 -0 -1 -0 -0 -1 -0 -0 -1 -0 -0 -1 -0 -0 -1 -0 -0 -1 -0 -0 -1 -0 -0 -1 -0 -0 -1 -0 -0 -1 -0 -0 -1 -0 -0 -1 -0 -0 -1 -0 -0 -1 -0 -0 -1 -0 -0 -1 -0 -0 -1 0 0 0 0 0 0 0 0 0 0 0 0 0 0 0 0 0 0 0 0 0 0 0 0 0 0 0 0 0 0 0 0 0 0 0 0 0 0 0 0 0 0 0 0 0 0 0 0 0 0 0 0 0 0 0 0 0 0 0 0 0 0 0 0.05377904 0.9985529 0 0.05377904 0.9985529 0 -0.05377904 -0.9985529 -0 -0.05377904 -0.9985529 -0 0 0 0 -0.8378826 0.5458504 0 -0.8378826 0.5458504 0 0.8378826 -0.5458504 -0 0.8378826 -0.5458504 -0 0 0 0 0.6505462 0.7594666 0 0.744111 0.668056 0 0.6505462 0.7594666 0 0.744111 0.668056 0 -0.744111 -0.668056 -0 -0.6505462 -0.7594666 -0 -0.744111 -0.668056 -0 -0.6505462 -0.7594666 -0 0 0 0 0 0 0 0.3103911 0.950609 0 0.431815 0.9019622 0 0.3103911 0.950609 0 0.431815 0.9019622 0 -0.431815 -0.9019622 -0 -0.3103911 -0.950609 -0 -0.431815 -0.9019622 -0 -0.3103911 -0.950609 -0 0 0 0 -0.950609 0.3103911 0 -0.950609 0.3103911 0 0.950609 -0.3103911 -0 0.950609 -0.3103911 -0 0 0 0 -0.9985529 0.05377904 0 -0.9985529 0.05377904 0 0.9985529 -0.05377904 -0 0.9985529 -0.05377904 -0 0 0 0 -0.978447 -0.2064979 0 -0.978447 -0.2064979 0 0.978447 0.2064979 -0 0.978447 0.2064979 -0 0 0 0 -0.8916617 -0.4527024 0 -0.8916617 -0.4527024 0 0.8916617 0.4527024 -0 0.8916617 0.4527024 -0 0 0 0 -0.744111 -0.668056 0 -0.744111 -0.668056 0 0.744111 0.668056 -0 0.744111 0.668056 -0 0 0 0 -0.5458504 -0.8378826 0 -0.5458504 -0.8378826 0 0.5458504 0.8378826 -0 0.5458504 0.8378826 -0 0 0 0 -0.3103911 -0.950609 0 -0.3103911 -0.950609 0 0.3103911 0.950609 -0 0.3103911 0.950609 -0 0 0 0 -0.05377904 -0.9985529 0 -0.05377904 -0.9985529 0 0.05377904 0.9985529 -0 0.05377904 0.9985529 -0 0 0 0 0.2064979 -0.978447 0 0.2064979 -0.978447 0 -0.2064979 0.978447 -0 -0.2064979 0.978447 -0 0 0 0 0.4527024 -0.8916617 0 0.4527024 -0.8916617 0 -0.4527024 0.8916617 -0 -0.4527024 0.8916617 -0 0 0 0 0.668056 -0.744111 0 0.668056 -0.744111 0 -0.668056 0.744111 -0 -0.668056 0.744111 -0 0 0 0 0.8378826 -0.5458504 0 0.8378826 -0.5458504 0 -0.8378826 0.5458504 -0 -0.8378826 0.5458504 -0 0 0 0 0.950609 -0.3103911 0 0.950609 -0.3103911 0 -0.950609 0.3103911 -0 -0.950609 0.3103911 -0 0 0 0 0.9985529 -0.05377904 0 0.9985529 -0.05377904 0 -0.9985529 0.05377904 -0 -0.9985529 0.05377904 -0 0 0 0 0.978447 0.2064979 0 0.978447 0.2064979 0 -0.978447 -0.2064979 -0 -0.978447 -0.2064979 -0 0 0 0 0.8916617 0.4527024 0 0.8916617 0.4527024 0 -0.8916617 -0.4527024 -0 -0.8916617 -0.4527024 -0 0 0 0</float_array>
                    <technique_common>
                        <accessor count="196" source="#ID102" stride="3">
                            <param name="X" type="float" />
                            <param name="Y" type="float" />
                            <param name="Z" type="float" />
                        </accessor>
                    </technique_common>
                </source>
                <source id="ID97">
                    <Name_array id="ID103" count="0" />
                    <technique_common>
                        <accessor count="0" source="#ID103" stride="1">
                            <param name="skp_material" type="Name" />
                        </accessor>
                    </technique_common>
                </source>
                <vertices id="ID98">
                    <input semantic="POSITION" source="#ID95" />
                    <input semantic="NORMAL" source="#ID96" />
                </vertices>
                <triangles count="140" material="Material2">
                    <input offset="0" semantic="VERTEX" source="#ID98" />
                    <p>0 1 2 1 0 3 4 5 6 7 6 5 12 2 13 2 12 0 5 14 7 15 7 14 18 19 20 19 18 21 19 21 22 22 21 23 22 23 24 24 23 25 24 25 26 26 25 27 26 27 28 28 27 29 28 29 30 30 29 31 30 31 32 32 31 33 32 33 34 34 33 35 34 35 36 36 35 37 36 37 38 38 37 39 38 39 40 40 39 41 42 43 44 44 43 45 43 46 45 45 46 47 46 48 47 47 48 49 48 50 49 49 50 51 50 52 51 51 52 53 52 54 53 53 54 55 54 56 55 55 56 57 56 58 57 57 58 59 58 60 59 59 60 61 60 62 61 61 62 63 62 64 63 65 63 64 3 87 1 87 3 88 89 4 90 6 90 4 12 92 93 92 12 13 15 14 94 95 94 14 97 98 99 98 97 100 101 102 103 104 103 102 107 108 109 108 107 110 111 112 113 114 113 112 88 109 87 109 88 107 112 89 114 90 114 89 93 116 117 116 93 92 94 95 118 119 118 95 117 121 122 121 117 116 118 119 123 124 123 119 122 126 127 126 122 121 123 124 128 129 128 124 127 131 132 131 127 126 128 129 133 134 133 129 132 136 137 136 132 131 133 134 138 139 138 134 141 136 142 136 141 137 139 143 138 144 138 143 146 142 147 142 146 141 143 148 144 149 144 148 151 147 152 147 151 146 148 153 149 154 149 153 156 152 157 152 156 151 153 158 154 159 154 158 161 157 162 157 161 156 158 163 159 164 159 163 166 162 167 162 166 161 163 168 164 169 164 168 171 166 167 166 171 172 173 174 168 169 168 174 176 172 171 172 176 177 178 179 173 174 173 179 181 177 176 177 181 182 183 184 178 179 178 184 186 182 181 182 186 187 188 189 183 184 183 189 191 187 186 187 191 192 193 194 188 189 188 194 98 192 191 192 98 100 101 103 193 194 193 103</p>
                </triangles>
                <lines count="72" material="Material3">
                    <input offset="0" semantic="VERTEX" source="#ID98" />
                    <p>8 9 8 10 10 11 9 11 16 8 16 17 17 10 66 67 68 66 69 68 11 69 70 17 71 70 72 71 73 72 74 73 75 74 76 75 77 76 78 77 79 78 80 79 81 80 82 81 83 82 84 83 85 84 86 85 67 86 9 91 91 69 96 16 96 70 105 106 105 66 106 67 115 105 115 68 91 115 120 96 120 71 125 120 125 72 130 125 130 73 135 130 135 74 140 135 140 75 145 140 145 76 150 145 150 77 155 150 155 78 160 155 160 79 165 160 165 80 170 165 170 81 175 170 175 82 180 175 180 83 185 180 185 84 190 185 190 85 195 190 195 86 106 195</p>
                </lines>
            </mesh>
        </geometry>
        <geometry id="ID114">
            <mesh>
                <source id="ID120">
                    <float_array id="ID127" count="402">25.14403 102.0929 44.26111 72.55867 129.4677 43.31623 25.14403 102.0929 43.31623 72.55867 129.4677 44.26111 72.55867 129.4677 44.26111 25.14403 102.0929 44.26111 72.55867 129.4677 43.31623 25.14403 102.0929 43.31623 72.55867 129.4677 43.31623 25.14403 102.0929 43.31623 25.14403 102.0929 44.26111 72.55867 129.4677 44.26111 72.55867 129.4677 43.31623 25.14403 47.34319 43.31623 25.14403 102.0929 43.31623 45.63258 74.71804 43.31623 59.09562 98.03672 43.31623 86.02171 98.03672 43.31623 73.27325 129.0552 43.31623 119.9733 102.0929 43.31623 99.48475 74.71804 43.31623 119.9733 47.34319 43.31623 72.55867 19.96833 43.31623 59.09562 51.39937 43.31623 86.02171 51.39937 43.31623 99.48475 74.71804 43.31623 86.02171 51.39937 43.31623 119.9733 47.34319 43.31623 72.55867 19.96833 43.31623 59.09562 51.39937 43.31623 45.63258 74.71804 43.31623 25.14403 47.34319 43.31623 119.9733 102.0929 43.31623 86.02171 98.03672 43.31623 73.27325 129.0552 43.31623 72.55867 129.4677 43.31623 59.09562 98.03672 43.31623 25.14403 102.0929 43.31623 72.55867 19.96833 43.31623 119.9733 47.34319 43.31623 25.14403 47.34319 43.31623 73.27325 129.0552 43.31623 119.9733 102.0929 43.31623 45.63258 74.71804 43.31623 59.09562 98.03672 43.31623 59.09562 51.39937 43.31623 86.02171 51.39937 43.31623 99.48475 74.71804 43.31623 86.02171 98.03672 43.31623 25.14403 102.0929 44.26111 25.14403 47.34319 43.31623 25.14403 47.34319 44.26111 25.14403 102.0929 43.31623 25.14403 102.0929 43.31623 25.14403 102.0929 44.26111 25.14403 47.34319 43.31623 25.14403 47.34319 44.26111 25.14403 47.34319 44.26111 72.55867 19.96833 44.26111 25.14403 102.0929 44.26111 25.14403 47.34319 44.26111 45.63258 74.71804 44.26111 59.09562 51.39937 44.26111 86.02171 51.39937 44.26111 119.9733 47.34319 44.26111 99.48475 74.71804 44.26111 72.55867 129.4677 44.26111 59.09562 98.03672 44.26111 86.02171 98.03672 44.26111 73.27325 129.0552 44.26111 119.9733 102.0929 44.26111 119.9733 47.34319 44.26111 99.48475 74.71804 44.26111 119.9733 102.0929 44.26111 86.02171 98.03672 44.26111 73.27325 129.0552 44.26111 72.55867 129.4677 44.26111 59.09562 98.03672 44.26111 45.63258 74.71804 44.26111 25.14403 102.0929 44.26111 86.02171 51.39937 44.26111 72.55867 19.96833 44.26111 59.09562 51.39937 44.26111 25.14403 47.34319 44.26111 72.55867 19.96833 44.26111 119.9733 47.34319 44.26111 119.9733 102.0929 44.26111 73.27325 129.0552 44.26111 45.63258 74.71804 44.26111 59.09562 98.03672 44.26111 86.02171 98.03672 44.26111 99.48475 74.71804 44.26111 86.02171 51.39937 44.26111 59.09562 51.39937 44.26111 72.55867 129.4677 44.26111 73.27325 129.0552 43.31623 72.55867 129.4677 43.31623 73.27325 129.0552 44.26111 73.27325 129.0552 44.26111 72.55867 129.4677 44.26111 73.27325 129.0552 43.31623 72.55867 129.4677 43.31623 119.9733 47.34319 44.26111 72.55867 19.96833 43.31623 119.9733 47.34319 43.31623 72.55867 19.96833 44.26111 72.55867 19.96833 44.26111 119.9733 47.34319 44.26111 72.55867 19.96833 43.31623 119.9733 47.34319 43.31623 72.55867 19.96833 44.26111 25.14403 47.34319 43.31623 72.55867 19.96833 43.31623 25.14403 47.34319 44.26111 25.14403 47.34319 44.26111 72.55867 19.96833 44.26111 25.14403 47.34319 43.31623 72.55867 19.96833 43.31623 73.27325 129.0552 43.31623 119.9733 102.0929 44.26111 119.9733 102.0929 43.31623 73.27325 129.0552 44.26111 73.27325 129.0552 44.26111 73.27325 129.0552 43.31623 119.9733 102.0929 44.26111 119.9733 102.0929 43.31623 119.9733 102.0929 43.31623 119.9733 47.34319 44.26111 119.9733 47.34319 43.31623 119.9733 102.0929 44.26111 119.9733 102.0929 44.26111 119.9733 102.0929 43.31623 119.9733 47.34319 44.26111 119.9733 47.34319 43.31623</float_array>
                    <technique_common>
                        <accessor count="134" source="#ID127" stride="3">
                            <param name="X" type="float" />
                            <param name="Y" type="float" />
                            <param name="Z" type="float" />
                        </accessor>
                    </technique_common>
                </source>
                <source id="ID121">
                    <float_array id="ID128" count="402">-0.5 0.8660254 0 -0.5 0.8660254 0 -0.5 0.8660254 0 -0.5 0.8660254 0 0.5 -0.8660254 -0 0.5 -0.8660254 -0 0.5 -0.8660254 -0 0.5 -0.8660254 -0 0 0 0 0 0 0 0 0 0 0 0 0 0 0 -1 0 0 -1 0 0 -1 0 0 -1 0 0 -1 0 0 -1 0 0 -1 0 0 -1 0 0 -1 0 0 -1 0 0 -1 0 0 -1 0 0 -1 -0 -0 1 -0 -0 1 -0 -0 1 -0 -0 1 -0 -0 1 -0 -0 1 -0 -0 1 -0 -0 1 -0 -0 1 -0 -0 1 -0 -0 1 -0 -0 1 -0 -0 1 0 0 0 0 0 0 0 0 0 0 0 0 0 0 0 0 0 0 0 0 0 0 0 0 0 0 0 0 0 0 0 0 0 -1 0 0 -1 0 0 -1 0 0 -1 0 0 1 -0 -0 1 -0 -0 1 -0 -0 1 -0 -0 0 0 0 0 0 1 0 0 1 0 0 1 0 0 1 0 0 1 0 0 1 0 0 1 0 0 1 0 0 1 0 0 1 0 0 1 0 0 1 0 0 1 -0 -0 -1 -0 -0 -1 -0 -0 -1 -0 -0 -1 -0 -0 -1 -0 -0 -1 -0 -0 -1 -0 -0 -1 -0 -0 -1 -0 -0 -1 -0 -0 -1 -0 -0 -1 -0 -0 -1 0 0 0 0 0 0 0 0 0 0 0 0 0 0 0 0 0 0 0 0 0 0 0 0 0 0 0 0 0 0 0.5 0.8660254 0 0.5 0.8660254 0 0.5 0.8660254 0 0.5 0.8660254 0 -0.5 -0.8660254 -0 -0.5 -0.8660254 -0 -0.5 -0.8660254 -0 -0.5 -0.8660254 -0 0.5 -0.8660254 0 0.5 -0.8660254 0 0.5 -0.8660254 0 0.5 -0.8660254 0 -0.5 0.8660254 -0 -0.5 0.8660254 -0 -0.5 0.8660254 -0 -0.5 0.8660254 -0 -0.5 -0.8660254 -0 -0.5 -0.8660254 -0 -0.5 -0.8660254 -0 -0.5 -0.8660254 -0 0.5 0.8660254 0 0.5 0.8660254 0 0.5 0.8660254 0 0.5 0.8660254 0 0.5 0.8660254 0 0.5 0.8660254 0 0.5 0.8660254 0 0.5 0.8660254 0 -0.5 -0.8660254 -0 -0.5 -0.8660254 -0 -0.5 -0.8660254 -0 -0.5 -0.8660254 -0 1 -1.946703e-16 0 1 -1.946703e-16 0 1 -1.946703e-16 0 1 -1.946703e-16 0 -1 1.946703e-16 -0 -1 1.946703e-16 -0 -1 1.946703e-16 -0 -1 1.946703e-16 -0</float_array>
                    <technique_common>
                        <accessor count="134" source="#ID128" stride="3">
                            <param name="X" type="float" />
                            <param name="Y" type="float" />
                            <param name="Z" type="float" />
                        </accessor>
                    </technique_common>
                </source>
                <source id="ID122">
                    <Name_array id="ID130" count="0" />
                    <technique_common>
                        <accessor count="0" source="#ID130" stride="1">
                            <param name="skp_material" type="Name" />
                        </accessor>
                    </technique_common>
                </source>
                <source id="ID124">
                    <float_array id="ID129" count="108">-1.348552 0.8196503 -2.362436 0.8021525 -1.348552 0.8021525 -2.362436 0.8196503 -1.343679 2.397551 -0.4656301 0.8767257 -0.4656301 1.890609 -0.8450478 1.383667 -1.094363 1.815495 -1.592995 1.815495 -1.356912 2.389911 -2.221728 1.890609 -1.84231 1.383667 -2.221728 0.8767257 -1.343679 0.3697839 -1.094363 0.9518401 -1.592995 0.9518401 -1.890609 0.8196503 -0.8767257 0.8021525 -0.8767257 0.8196503 -1.890609 0.8021525 1.343679 0.3697839 0.4656301 1.890609 0.4656301 0.8767257 0.8450478 1.383667 1.094363 0.9518401 1.592995 0.9518401 2.221728 0.8767257 1.84231 1.383667 1.343679 2.397551 1.094363 1.815495 1.592995 1.815495 1.356912 2.389911 2.221728 1.890609 0.03511533 0.8196503 0.01983507 0.8021525 0.03511533 0.8021525 0.01983507 0.8196503 2.362436 0.8196503 1.348552 0.8021525 2.362436 0.8021525 1.348552 0.8196503 0.9787682 0.8196503 -0.03511533 0.8021525 0.9787682 0.8021525 -0.03511533 0.8196503 0.01983507 0.8021525 -0.9787682 0.8196503 -0.9787682 0.8021525 0.01983507 0.8196503 1.890609 0.8021525 0.8767257 0.8196503 0.8767257 0.8021525 1.890609 0.8196503</float_array>
                    <technique_common>
                        <accessor count="54" source="#ID129" stride="2">
                            <param name="S" type="float" />
                            <param name="T" type="float" />
                        </accessor>
                    </technique_common>
                </source>
                <vertices id="ID123">
                    <input semantic="POSITION" source="#ID120" />
                    <input semantic="NORMAL" source="#ID121" />
                </vertices>
                <triangles count="80" material="Material2">
                    <input offset="0" semantic="VERTEX" source="#ID123" />
                    <input offset="1" semantic="TEXCOORD" source="#ID124" />
                    <p>0 0 1 1 2 2 1 1 0 0 3 3 4 3 5 0 6 1 7 2 6 1 5 0 12 4 13 5 14 6 13 5 12 4 15 7 15 7 12 4 16 8 16 8 12 4 17 9 17 9 12 4 18 10 17 9 18 10 19 11 17 9 19 11 20 12 20 12 19 11 21 13 15 7 22 14 13 5 22 14 15 7 23 15 22 14 23 15 24 16 22 14 24 16 21 13 21 13 24 16 20 12 25 12 26 16 27 13 27 13 26 16 28 14 26 16 29 15 28 14 29 15 30 7 28 14 31 5 28 14 30 7 27 13 32 11 25 12 25 12 32 11 33 9 32 11 34 10 33 9 34 10 35 4 33 9 33 9 35 4 36 8 36 8 35 4 30 7 30 7 35 4 31 5 37 6 31 5 35 4 49 17 50 18 51 19 50 18 49 17 52 20 53 20 54 17 55 18 56 19 55 18 54 17 58 21 59 22 60 23 59 22 58 21 61 24 61 24 58 21 62 25 62 25 58 21 63 26 63 26 58 21 64 27 63 26 64 27 65 28 61 24 66 29 59 22 66 29 61 24 67 30 66 29 67 30 68 31 66 29 68 31 69 32 69 32 68 31 70 33 70 33 68 31 65 28 70 33 65 28 64 27 71 27 72 28 73 33 72 28 74 31 73 33 73 33 74 31 75 32 75 32 74 31 76 29 74 31 77 30 76 29 77 30 78 24 76 29 79 22 76 29 78 24 72 28 71 27 80 26 71 27 81 21 80 26 80 26 81 21 82 25 82 25 81 21 78 24 78 24 81 21 79 22 83 23 79 22 81 21 94 34 95 35 96 36 95 35 94 34 97 37 98 37 99 34 100 35 101 36 100 35 99 34 102 38 103 39 104 40 103 39 102 38 105 41 106 41 107 38 108 39 109 40 108 39 107 38 110 42 111 43 112 44 111 43 110 42 113 45 114 45 115 42 116 43 117 44 116 43 115 42 118 46 119 47 120 48 119 47 118 46 121 49 122 49 123 46 124 47 125 48 124 47 123 46 126 50 127 51 128 52 127 51 126 50 129 53 130 53 131 50 132 51 133 52 132 51 131 50</p>
                </triangles>
                <lines count="33" material="Material3">
                    <input offset="0" semantic="VERTEX" source="#ID123" />
                    <p>8 9 9 10 11 10 8 11 38 39 40 38 9 40 41 8 42 41 39 42 43 44 45 43 46 45 47 46 48 47 44 48 40 57 10 57 84 85 85 86 86 87 87 11 57 84 88 89 89 90 90 91 91 92 92 93 93 88 41 87 39 85 38 84 42 86</p>
                </lines>
            </mesh>
        </geometry>
        <geometry id="ID131">
            <mesh>
                <source id="ID134">
                    <float_array id="ID138" count="270">86.31911 50.48926 61.22962 59.39302 50.48926 1.062992 86.31911 50.48926 1.062992 59.39302 50.48926 61.22962 59.39302 50.48926 61.22962 86.31911 50.48926 61.22962 59.39302 50.48926 1.062992 86.31911 50.48926 1.062992 86.31911 50.48926 1.062992 59.39302 50.48926 1.062992 86.31911 50.48926 61.22962 59.39302 50.48926 61.22962 99.78215 73.80794 1.062992 86.31911 50.48926 61.22962 86.31911 50.48926 1.062992 99.78215 73.80794 61.22962 99.78215 73.80794 61.22962 99.78215 73.80794 1.062992 86.31911 50.48926 61.22962 86.31911 50.48926 1.062992 99.78215 73.80794 1.062992 99.78215 73.80794 61.22962 59.39302 97.12661 61.22962 49.52012 73.80794 61.22962 45.92998 73.80794 61.22962 61.18809 94.01746 61.22962 86.31911 97.12661 61.22962 84.52404 94.01746 61.22962 96.19201 73.80794 61.22962 99.78215 73.80794 61.22962 59.39302 50.48926 61.22962 61.18809 53.59842 61.22962 86.31911 50.48926 61.22962 84.52404 53.59842 61.22962 99.78215 73.80794 61.22962 96.19201 73.80794 61.22962 86.31911 50.48926 61.22962 84.52404 53.59842 61.22962 61.18809 53.59842 61.22962 59.39302 50.48926 61.22962 49.52012 73.80794 61.22962 45.92998 73.80794 61.22962 86.31911 97.12661 61.22962 84.52404 94.01746 61.22962 61.18809 94.01746 61.22962 59.39302 97.12661 61.22962 45.92998 73.80794 61.22962 59.39302 97.12661 61.22962 86.31911 97.12661 61.22962 49.52012 73.80794 61.22962 61.18809 94.01746 61.22962 61.18809 53.59842 61.22962 84.52404 53.59842 61.22962 96.19201 73.80794 61.22962 84.52404 94.01746 61.22962 45.92998 73.80794 61.22962 59.39302 50.48926 1.062992 59.39302 50.48926 61.22962 45.92998 73.80794 1.062992 45.92998 73.80794 1.062992 45.92998 73.80794 61.22962 59.39302 50.48926 1.062992 59.39302 50.48926 61.22962 45.92998 73.80794 1.062992 86.31911 97.12661 1.062992 99.78215 73.80794 61.22962 99.78215 73.80794 1.062992 86.31911 97.12661 61.22962 86.31911 97.12661 61.22962 86.31911 97.12661 1.062992 99.78215 73.80794 61.22962 99.78215 73.80794 1.062992 86.31911 97.12661 1.062992 59.39302 97.12661 61.22962 45.92998 73.80794 1.062992 45.92998 73.80794 61.22962 59.39302 97.12661 1.062992 59.39302 97.12661 1.062992 59.39302 97.12661 61.22962 45.92998 73.80794 1.062992 45.92998 73.80794 61.22962 59.39302 97.12661 1.062992 59.39302 97.12661 61.22962 86.31911 97.12661 1.062992 59.39302 97.12661 1.062992 86.31911 97.12661 61.22962 86.31911 97.12661 61.22962 59.39302 97.12661 61.22962 86.31911 97.12661 1.062992 59.39302 97.12661 1.062992</float_array>
                    <technique_common>
                        <accessor count="90" source="#ID138" stride="3">
                            <param name="X" type="float" />
                            <param name="Y" type="float" />
                            <param name="Z" type="float" />
                        </accessor>
                    </technique_common>
                </source>
                <source id="ID135">
                    <float_array id="ID139" count="270">7.519911e-16 -1 0 7.519911e-16 -1 0 7.519911e-16 -1 0 7.519911e-16 -1 0 -7.519911e-16 1 -0 -7.519911e-16 1 -0 -7.519911e-16 1 -0 -7.519911e-16 1 -0 0 0 0 0 0 0 0 0 0 0 0 0 0.8660254 -0.5 0 0.8660254 -0.5 0 0.8660254 -0.5 0 0.8660254 -0.5 0 -0.8660254 0.5 -0 -0.8660254 0.5 -0 -0.8660254 0.5 -0 -0.8660254 0.5 -0 0 0 0 0 0 0 0 0 -1 0 0 -1 0 0 -1 0 0 -1 0 0 -1 0 0 -1 0 0 -1 0 0 -1 0 0 -1 0 0 -1 0 0 -1 0 0 -1 -0 -0 1 -0 -0 1 -0 -0 1 -0 -0 1 -0 -0 1 -0 -0 1 -0 -0 1 -0 -0 1 -0 -0 1 -0 -0 1 -0 -0 1 -0 -0 1 0 0 0 0 0 0 0 0 0 0 0 0 0 0 0 0 0 0 0 0 0 0 0 0 0 0 0 -0.8660254 -0.5 -0 -0.8660254 -0.5 -0 -0.8660254 -0.5 -0 -0.8660254 -0.5 -0 0.8660254 0.5 0 0.8660254 0.5 0 0.8660254 0.5 0 0.8660254 0.5 0 0 0 0 0.8660254 0.5 0 0.8660254 0.5 0 0.8660254 0.5 0 0.8660254 0.5 0 -0.8660254 -0.5 -0 -0.8660254 -0.5 -0 -0.8660254 -0.5 -0 -0.8660254 -0.5 -0 0 0 0 -0.8660254 0.5 0 -0.8660254 0.5 0 -0.8660254 0.5 0 -0.8660254 0.5 0 0.8660254 -0.5 -0 0.8660254 -0.5 -0 0.8660254 -0.5 -0 0.8660254 -0.5 -0 0 0 0 -1.879978e-16 1 0 -1.879978e-16 1 0 -1.879978e-16 1 0 -1.879978e-16 1 0 1.879978e-16 -1 -0 1.879978e-16 -1 -0 1.879978e-16 -1 -0 1.879978e-16 -1 -0</float_array>
                    <technique_common>
                        <accessor count="90" source="#ID139" stride="3">
                            <param name="X" type="float" />
                            <param name="Y" type="float" />
                            <param name="Z" type="float" />
                        </accessor>
                    </technique_common>
                </source>
                <source id="ID136">
                    <Name_array id="ID140" count="0" />
                    <technique_common>
                        <accessor count="0" source="#ID140" stride="1">
                            <param name="skp_material" type="Name" />
                        </accessor>
                    </technique_common>
                </source>
                <vertices id="ID137">
                    <input semantic="POSITION" source="#ID134" />
                    <input semantic="NORMAL" source="#ID135" />
                </vertices>
                <triangles count="48" material="Material2">
                    <input offset="0" semantic="VERTEX" source="#ID137" />
                    <p>0 1 2 1 0 3 4 5 6 7 6 5 12 13 14 13 12 15 16 17 18 19 18 17 22 23 24 23 22 25 25 22 26 25 26 27 27 26 28 28 26 29 23 30 24 30 23 31 30 31 32 32 31 33 32 33 28 32 28 29 34 35 36 35 37 36 37 38 36 36 38 39 38 40 39 41 39 40 34 42 35 35 42 43 43 42 44 42 45 44 44 45 40 41 40 45 55 56 57 56 55 58 59 60 61 62 61 60 64 65 66 65 64 67 68 69 70 71 70 69 73 74 75 74 73 76 77 78 79 80 79 78 82 83 84 83 82 85 86 87 88 89 88 87</p>
                </triangles>
                <lines count="24" material="Material3">
                    <input offset="0" semantic="VERTEX" source="#ID137" />
                    <p>8 9 8 10 10 11 9 11 20 8 20 21 21 10 46 47 47 48 48 21 11 46 49 50 51 49 52 51 53 52 54 53 50 54 9 63 63 46 72 20 72 48 63 81 81 47 81 72</p>
                </lines>
            </mesh>
        </geometry>
        <geometry id="ID141">
            <mesh>
                <source id="ID142">
                    <float_array id="ID146" count="180">49.52012 73.80794 61.22962 61.18809 53.59842 2.613883e-30 61.18809 53.59842 61.22962 49.52012 73.80794 2.613883e-30 49.52012 73.80794 2.613883e-30 49.52012 73.80794 61.22962 61.18809 53.59842 2.613883e-30 61.18809 53.59842 61.22962 61.18809 53.59842 2.613883e-30 49.52012 73.80794 2.613883e-30 61.18809 53.59842 61.22962 49.52012 73.80794 61.22962 84.52404 53.59842 61.22962 61.18809 53.59842 2.613883e-30 84.52404 53.59842 2.613883e-30 61.18809 53.59842 61.22962 61.18809 53.59842 61.22962 84.52404 53.59842 61.22962 61.18809 53.59842 2.613883e-30 84.52404 53.59842 2.613883e-30 84.52404 53.59842 2.613883e-30 84.52404 53.59842 61.22962 61.18809 94.01746 61.22962 49.52012 73.80794 2.613883e-30 49.52012 73.80794 61.22962 61.18809 94.01746 2.613883e-30 61.18809 94.01746 2.613883e-30 61.18809 94.01746 61.22962 49.52012 73.80794 2.613883e-30 49.52012 73.80794 61.22962 61.18809 94.01746 2.613883e-30 61.18809 94.01746 61.22962 96.19201 73.80794 2.613883e-30 84.52404 53.59842 61.22962 84.52404 53.59842 2.613883e-30 96.19201 73.80794 61.22962 96.19201 73.80794 61.22962 96.19201 73.80794 2.613883e-30 84.52404 53.59842 61.22962 84.52404 53.59842 2.613883e-30 96.19201 73.80794 2.613883e-30 96.19201 73.80794 61.22962 61.18809 94.01746 61.22962 84.52404 94.01746 2.613883e-30 61.18809 94.01746 2.613883e-30 84.52404 94.01746 61.22962 84.52404 94.01746 61.22962 61.18809 94.01746 61.22962 84.52404 94.01746 2.613883e-30 61.18809 94.01746 2.613883e-30 84.52404 94.01746 2.613883e-30 84.52404 94.01746 61.22962 84.52404 94.01746 2.613883e-30 96.19201 73.80794 61.22962 96.19201 73.80794 2.613883e-30 84.52404 94.01746 61.22962 84.52404 94.01746 61.22962 84.52404 94.01746 2.613883e-30 96.19201 73.80794 61.22962 96.19201 73.80794 2.613883e-30</float_array>
                    <technique_common>
                        <accessor count="60" source="#ID146" stride="3">
                            <param name="X" type="float" />
                            <param name="Y" type="float" />
                            <param name="Z" type="float" />
                        </accessor>
                    </technique_common>
                </source>
                <source id="ID143">
                    <float_array id="ID147" count="180">-0.8660254 -0.5 0 -0.8660254 -0.5 0 -0.8660254 -0.5 0 -0.8660254 -0.5 0 0.8660254 0.5 -0 0.8660254 0.5 -0 0.8660254 0.5 -0 0.8660254 0.5 -0 0 0 0 0 0 0 0 0 0 0 0 0 6.507615e-16 -1 0 6.507615e-16 -1 0 6.507615e-16 -1 0 6.507615e-16 -1 0 -6.507615e-16 1 -0 -6.507615e-16 1 -0 -6.507615e-16 1 -0 -6.507615e-16 1 -0 0 0 0 0 0 0 -0.8660254 0.5 0 -0.8660254 0.5 0 -0.8660254 0.5 0 -0.8660254 0.5 0 0.8660254 -0.5 -0 0.8660254 -0.5 -0 0.8660254 -0.5 -0 0.8660254 -0.5 -0 0 0 0 0 0 0 0.8660254 -0.5 0 0.8660254 -0.5 0 0.8660254 -0.5 0 0.8660254 -0.5 0 -0.8660254 0.5 -0 -0.8660254 0.5 -0 -0.8660254 0.5 -0 -0.8660254 0.5 -0 0 0 0 0 0 0 -1.084602e-16 1 0 -1.084602e-16 1 0 -1.084602e-16 1 0 -1.084602e-16 1 0 1.084602e-16 -1 -0 1.084602e-16 -1 -0 1.084602e-16 -1 -0 1.084602e-16 -1 -0 0 0 0 0 0 0 0.8660254 0.5 0 0.8660254 0.5 0 0.8660254 0.5 0 0.8660254 0.5 0 -0.8660254 -0.5 -0 -0.8660254 -0.5 -0 -0.8660254 -0.5 -0 -0.8660254 -0.5 -0</float_array>
                    <technique_common>
                        <accessor count="60" source="#ID147" stride="3">
                            <param name="X" type="float" />
                            <param name="Y" type="float" />
                            <param name="Z" type="float" />
                        </accessor>
                    </technique_common>
                </source>
                <source id="ID144">
                    <Name_array id="ID148" count="0" />
                    <technique_common>
                        <accessor count="0" source="#ID148" stride="1">
                            <param name="skp_material" type="Name" />
                        </accessor>
                    </technique_common>
                </source>
                <vertices id="ID145">
                    <input semantic="POSITION" source="#ID142" />
                    <input semantic="NORMAL" source="#ID143" />
                </vertices>
                <triangles count="24" material="Material2">
                    <input offset="0" semantic="VERTEX" source="#ID145" />
                    <p>0 1 2 1 0 3 4 5 6 7 6 5 12 13 14 13 12 15 16 17 18 19 18 17 22 23 24 23 22 25 26 27 28 29 28 27 32 33 34 33 32 35 36 37 38 39 38 37 42 43 44 43 42 45 46 47 48 49 48 47 52 53 54 53 52 55 56 57 58 59 58 57</p>
                </triangles>
                <lines count="18" material="Material3">
                    <input offset="0" semantic="VERTEX" source="#ID145" />
                    <p>8 9 8 10 10 11 9 11 20 8 20 21 21 10 9 30 11 31 30 31 40 20 40 41 41 21 30 50 31 51 50 51 50 40 51 41</p>
                </lines>
            </mesh>
        </geometry>
        <geometry id="ID149">
            <mesh>
                <source id="ID150">
                    <float_array id="ID155" count="180">45.63258 74.71804 43.31623 59.09562 51.39937 44.26111 59.09562 51.39937 43.31623 45.63258 74.71804 44.26111 45.63258 74.71804 44.26111 45.63258 74.71804 43.31623 59.09562 51.39937 44.26111 59.09562 51.39937 43.31623 59.09562 51.39937 43.31623 45.63258 74.71804 43.31623 45.63258 74.71804 44.26111 59.09562 51.39937 44.26111 59.09562 98.03672 43.31623 45.63258 74.71804 44.26111 45.63258 74.71804 43.31623 59.09562 98.03672 44.26111 59.09562 98.03672 44.26111 59.09562 98.03672 43.31623 45.63258 74.71804 44.26111 45.63258 74.71804 43.31623 59.09562 98.03672 43.31623 59.09562 98.03672 44.26111 59.09562 51.39937 44.26111 86.02171 51.39937 43.31623 59.09562 51.39937 43.31623 86.02171 51.39937 44.26111 86.02171 51.39937 44.26111 59.09562 51.39937 44.26111 86.02171 51.39937 43.31623 59.09562 51.39937 43.31623 86.02171 51.39937 43.31623 86.02171 51.39937 44.26111 86.02171 98.03672 44.26111 59.09562 98.03672 43.31623 86.02171 98.03672 43.31623 59.09562 98.03672 44.26111 59.09562 98.03672 44.26111 86.02171 98.03672 44.26111 59.09562 98.03672 43.31623 86.02171 98.03672 43.31623 86.02171 98.03672 43.31623 86.02171 98.03672 44.26111 99.48475 74.71804 44.26111 86.02171 51.39937 43.31623 86.02171 51.39937 44.26111 99.48475 74.71804 43.31623 99.48475 74.71804 43.31623 99.48475 74.71804 44.26111 86.02171 51.39937 43.31623 86.02171 51.39937 44.26111 99.48475 74.71804 43.31623 99.48475 74.71804 44.26111 86.02171 98.03672 44.26111 99.48475 74.71804 43.31623 99.48475 74.71804 44.26111 86.02171 98.03672 43.31623 86.02171 98.03672 43.31623 86.02171 98.03672 44.26111 99.48475 74.71804 43.31623 99.48475 74.71804 44.26111</float_array>
                    <technique_common>
                        <accessor count="60" source="#ID155" stride="3">
                            <param name="X" type="float" />
                            <param name="Y" type="float" />
                            <param name="Z" type="float" />
                        </accessor>
                    </technique_common>
                </source>
                <source id="ID151">
                    <float_array id="ID156" count="180">0.8660254 0.5 0 0.8660254 0.5 0 0.8660254 0.5 0 0.8660254 0.5 0 -0.8660254 -0.5 -0 -0.8660254 -0.5 -0 -0.8660254 -0.5 -0 -0.8660254 -0.5 -0 0 0 0 0 0 0 0 0 0 0 0 0 0.8660254 -0.5 0 0.8660254 -0.5 0 0.8660254 -0.5 0 0.8660254 -0.5 0 -0.8660254 0.5 -0 -0.8660254 0.5 -0 -0.8660254 0.5 -0 -0.8660254 0.5 -0 0 0 0 0 0 0 0 1 0 0 1 0 0 1 0 0 1 0 -0 -1 -0 -0 -1 -0 -0 -1 -0 -0 -1 -0 0 0 0 0 0 0 -0 -1 -0 -0 -1 -0 -0 -1 -0 -0 -1 -0 0 1 0 0 1 0 0 1 0 0 1 0 0 0 0 0 0 0 -0.8660254 0.5 0 -0.8660254 0.5 0 -0.8660254 0.5 0 -0.8660254 0.5 0 0.8660254 -0.5 -0 0.8660254 -0.5 -0 0.8660254 -0.5 -0 0.8660254 -0.5 -0 0 0 0 0 0 0 -0.8660254 -0.5 -0 -0.8660254 -0.5 -0 -0.8660254 -0.5 -0 -0.8660254 -0.5 -0 0.8660254 0.5 0 0.8660254 0.5 0 0.8660254 0.5 0 0.8660254 0.5 0</float_array>
                    <technique_common>
                        <accessor count="60" source="#ID156" stride="3">
                            <param name="X" type="float" />
                            <param name="Y" type="float" />
                            <param name="Z" type="float" />
                        </accessor>
                    </technique_common>
                </source>
                <source id="ID152">
                    <Name_array id="ID158" count="0" />
                    <technique_common>
                        <accessor count="0" source="#ID158" stride="1">
                            <param name="skp_material" type="Name" />
                        </accessor>
                    </technique_common>
                </source>
                <source id="ID154">
                    <float_array id="ID157" count="48">0.7757673 0.8021525 0.277136 0.8196503 0.277136 0.8021525 0.7757673 0.8196503 2.119446 0.8021525 1.620815 0.8196503 1.620815 0.8021525 2.119446 0.8196503 -1.094363 0.8196503 -1.592995 0.8021525 -1.094363 0.8021525 -1.592995 0.8196503 1.592995 0.8196503 1.094363 0.8021525 1.592995 0.8021525 1.094363 0.8196503 -2.119446 0.8196503 -1.620815 0.8021525 -1.620815 0.8196503 -2.119446 0.8021525 -0.7757673 0.8196503 -0.277136 0.8021525 -0.277136 0.8196503 -0.7757673 0.8021525</float_array>
                    <technique_common>
                        <accessor count="24" source="#ID157" stride="2">
                            <param name="S" type="float" />
                            <param name="T" type="float" />
                        </accessor>
                    </technique_common>
                </source>
                <vertices id="ID153">
                    <input semantic="POSITION" source="#ID150" />
                    <input semantic="NORMAL" source="#ID151" />
                </vertices>
                <triangles count="24" material="Material2">
                    <input offset="0" semantic="VERTEX" source="#ID153" />
                    <input offset="1" semantic="TEXCOORD" source="#ID154" />
                    <p>0 0 1 1 2 2 1 1 0 0 3 3 4 3 5 0 6 1 7 2 6 1 5 0 12 4 13 5 14 6 13 5 12 4 15 7 16 7 17 4 18 5 19 6 18 5 17 4 22 8 23 9 24 10 23 9 22 8 25 11 26 11 27 8 28 9 29 10 28 9 27 8 32 12 33 13 34 14 33 13 32 12 35 15 36 15 37 12 38 13 39 14 38 13 37 12 42 16 43 17 44 18 43 17 42 16 45 19 46 19 47 16 48 17 49 18 48 17 47 16 52 20 53 21 54 22 53 21 52 20 55 23 56 23 57 20 58 21 59 22 58 21 57 20</p>
                </triangles>
                <lines count="18" material="Material3">
                    <input offset="0" semantic="VERTEX" source="#ID153" />
                    <p>8 9 9 10 11 10 8 11 9 20 20 21 10 21 30 8 31 11 30 31 20 40 40 41 21 41 50 30 51 31 50 51 40 50 41 51</p>
                </lines>
            </mesh>
        </geometry>
        <geometry id="ID159">
            <mesh>
                <source id="ID160">
                    <float_array id="ID165" count="360">25.44143 101.1828 1.062992 25.44143 46.43308 2.613883e-30 25.44143 46.43308 1.062992 25.44143 101.1828 2.613883e-30 25.44143 101.1828 2.613883e-30 25.44143 101.1828 1.062992 25.44143 46.43308 2.613883e-30 25.44143 46.43308 1.062992 25.44143 101.1828 2.613883e-30 25.44143 46.43308 2.613883e-30 25.44143 46.43308 1.062992 25.44143 101.1828 1.062992 72.85607 128.5576 2.613883e-30 25.44143 46.43308 2.613883e-30 25.44143 101.1828 2.613883e-30 45.92998 73.80794 2.613883e-30 59.39302 97.12661 2.613883e-30 86.31911 97.12661 2.613883e-30 120.2707 101.1828 2.613883e-30 99.78215 73.80794 2.613883e-30 120.2707 46.43308 2.613883e-30 72.85607 19.05823 2.613883e-30 59.39302 50.48926 2.613883e-30 86.31911 50.48926 2.613883e-30 99.78215 73.80794 2.613883e-30 86.31911 50.48926 2.613883e-30 120.2707 46.43308 2.613883e-30 72.85607 19.05823 2.613883e-30 59.39302 50.48926 2.613883e-30 45.92998 73.80794 2.613883e-30 25.44143 46.43308 2.613883e-30 120.2707 101.1828 2.613883e-30 86.31911 97.12661 2.613883e-30 72.85607 128.5576 2.613883e-30 59.39302 97.12661 2.613883e-30 25.44143 101.1828 2.613883e-30 72.85607 19.05823 2.613883e-30 120.2707 46.43308 2.613883e-30 72.85607 128.5576 2.613883e-30 120.2707 101.1828 2.613883e-30 45.92998 73.80794 2.613883e-30 59.39302 97.12661 2.613883e-30 59.39302 50.48926 2.613883e-30 86.31911 50.48926 2.613883e-30 99.78215 73.80794 2.613883e-30 86.31911 97.12661 2.613883e-30 72.85607 19.05823 1.062992 25.44143 46.43308 2.613883e-30 72.85607 19.05823 2.613883e-30 25.44143 46.43308 1.062992 25.44143 46.43308 1.062992 72.85607 19.05823 1.062992 25.44143 46.43308 2.613883e-30 72.85607 19.05823 2.613883e-30 72.85607 19.05823 1.062992 72.85607 19.05823 1.062992 25.44143 101.1828 1.062992 25.44143 46.43308 1.062992 45.92998 73.80794 1.062992 59.39302 50.48926 1.062992 86.31911 50.48926 1.062992 120.2707 46.43308 1.062992 99.78215 73.80794 1.062992 72.85607 128.5576 1.062992 59.39302 97.12661 1.062992 86.31911 97.12661 1.062992 120.2707 101.1828 1.062992 120.2707 46.43308 1.062992 99.78215 73.80794 1.062992 120.2707 101.1828 1.062992 86.31911 97.12661 1.062992 72.85607 128.5576 1.062992 59.39302 97.12661 1.062992 45.92998 73.80794 1.062992 25.44143 101.1828 1.062992 86.31911 50.48926 1.062992 72.85607 19.05823 1.062992 59.39302 50.48926 1.062992 25.44143 46.43308 1.062992 120.2707 46.43308 1.062992 120.2707 101.1828 1.062992 72.85607 128.5576 1.062992 45.92998 73.80794 1.062992 59.39302 97.12661 1.062992 86.31911 97.12661 1.062992 99.78215 73.80794 1.062992 86.31911 50.48926 1.062992 59.39302 50.48926 1.062992 25.44143 101.1828 1.062992 72.85607 128.5576 2.613883e-30 25.44143 101.1828 2.613883e-30 72.85607 128.5576 1.062992 72.85607 128.5576 1.062992 25.44143 101.1828 1.062992 72.85607 128.5576 2.613883e-30 25.44143 101.1828 2.613883e-30 120.2707 46.43308 1.062992 72.85607 19.05823 2.613883e-30 120.2707 46.43308 2.613883e-30 72.85607 19.05823 1.062992 72.85607 19.05823 1.062992 120.2707 46.43308 1.062992 72.85607 19.05823 2.613883e-30 120.2707 46.43308 2.613883e-30 72.85607 128.5576 1.062992 120.2707 101.1828 2.613883e-30 72.85607 128.5576 2.613883e-30 120.2707 101.1828 1.062992 120.2707 101.1828 1.062992 72.85607 128.5576 1.062992 120.2707 101.1828 2.613883e-30 72.85607 128.5576 2.613883e-30 120.2707 101.1828 2.613883e-30 120.2707 46.43308 1.062992 120.2707 46.43308 2.613883e-30 120.2707 101.1828 1.062992 120.2707 101.1828 1.062992 120.2707 101.1828 2.613883e-30 120.2707 46.43308 1.062992 120.2707 46.43308 2.613883e-30</float_array>
                    <technique_common>
                        <accessor count="120" source="#ID165" stride="3">
                            <param name="X" type="float" />
                            <param name="Y" type="float" />
                            <param name="Z" type="float" />
                        </accessor>
                    </technique_common>
                </source>
                <source id="ID161">
                    <float_array id="ID166" count="360">-1 0 0 -1 0 0 -1 0 0 -1 0 0 1 -0 -0 1 -0 -0 1 -0 -0 1 -0 -0 0 0 0 0 0 0 0 0 0 0 0 0 0 0 -1 0 0 -1 0 0 -1 0 0 -1 0 0 -1 0 0 -1 0 0 -1 0 0 -1 0 0 -1 0 0 -1 0 0 -1 0 0 -1 -0 -0 1 -0 -0 1 -0 -0 1 -0 -0 1 -0 -0 1 -0 -0 1 -0 -0 1 -0 -0 1 -0 -0 1 -0 -0 1 -0 -0 1 -0 -0 1 0 0 0 0 0 0 0 0 0 0 0 0 0 0 0 0 0 0 0 0 0 0 0 0 0 0 0 0 0 0 -0.5 -0.8660254 -0 -0.5 -0.8660254 -0 -0.5 -0.8660254 -0 -0.5 -0.8660254 -0 0.5 0.8660254 0 0.5 0.8660254 0 0.5 0.8660254 0 0.5 0.8660254 0 0 0 0 0 0 1 0 0 1 0 0 1 0 0 1 0 0 1 0 0 1 0 0 1 0 0 1 0 0 1 0 0 1 0 0 1 0 0 1 -0 -0 -1 -0 -0 -1 -0 -0 -1 -0 -0 -1 -0 -0 -1 -0 -0 -1 -0 -0 -1 -0 -0 -1 -0 -0 -1 -0 -0 -1 -0 -0 -1 -0 -0 -1 0 0 0 0 0 0 0 0 0 0 0 0 0 0 0 0 0 0 0 0 0 0 0 0 0 0 0 -0.5 0.8660254 0 -0.5 0.8660254 0 -0.5 0.8660254 0 -0.5 0.8660254 0 0.5 -0.8660254 -0 0.5 -0.8660254 -0 0.5 -0.8660254 -0 0.5 -0.8660254 -0 0.5 -0.8660254 0 0.5 -0.8660254 0 0.5 -0.8660254 0 0.5 -0.8660254 0 -0.5 0.8660254 -0 -0.5 0.8660254 -0 -0.5 0.8660254 -0 -0.5 0.8660254 -0 0.5 0.8660254 0 0.5 0.8660254 0 0.5 0.8660254 0 0.5 0.8660254 0 -0.5 -0.8660254 -0 -0.5 -0.8660254 -0 -0.5 -0.8660254 -0 -0.5 -0.8660254 -0 1 -1.297802e-16 0 1 -1.297802e-16 0 1 -1.297802e-16 0 1 -1.297802e-16 0 -1 1.297802e-16 -0 -1 1.297802e-16 -0 -1 1.297802e-16 -0 -1 1.297802e-16 -0</float_array>
                    <technique_common>
                        <accessor count="120" source="#ID166" stride="3">
                            <param name="X" type="float" />
                            <param name="Y" type="float" />
                            <param name="Z" type="float" />
                        </accessor>
                    </technique_common>
                </source>
                <source id="ID162">
                    <Name_array id="ID168" count="0" />
                    <technique_common>
                        <accessor count="0" source="#ID168" stride="1">
                            <param name="skp_material" type="Name" />
                        </accessor>
                    </technique_common>
                </source>
                <source id="ID164">
                    <float_array id="ID167" count="96">-1.873755 0.01968504 -0.8598719 4.840523e-32 -0.8598719 0.01968504 -1.873755 4.840523e-32 -1.349186 2.380697 -0.4711375 0.8598719 -0.4711375 1.873755 -0.8505552 1.366814 -1.099871 1.798641 -1.598502 1.798641 -2.227235 1.873755 -1.847818 1.366814 -2.227235 0.8598719 -1.349186 0.3529302 -1.099871 0.9349863 -1.598502 0.9349863 0.9919646 0.01968504 -0.02191887 4.840523e-32 0.9919646 4.840523e-32 -0.02191887 0.01968504 1.349186 0.3529302 0.4711375 1.873755 0.4711375 0.8598719 0.8505552 1.366814 1.099871 0.9349863 1.598502 0.9349863 2.227235 0.8598719 1.847818 1.366814 1.349186 2.380697 1.099871 1.798641 1.598502 1.798641 2.227235 1.873755 -1.344895 0.01968504 -2.358778 4.840523e-32 -1.344895 4.840523e-32 -2.358778 0.01968504 2.358778 0.01968504 1.344895 4.840523e-32 2.358778 4.840523e-32 1.344895 0.01968504 0.02191887 0.01968504 -0.9919646 4.840523e-32 0.02191887 4.840523e-32 -0.9919646 0.01968504 1.873755 4.840523e-32 0.8598719 0.01968504 0.8598719 4.840523e-32 1.873755 0.01968504</float_array>
                    <technique_common>
                        <accessor count="48" source="#ID167" stride="2">
                            <param name="S" type="float" />
                            <param name="T" type="float" />
                        </accessor>
                    </technique_common>
                </source>
                <vertices id="ID163">
                    <input semantic="POSITION" source="#ID160" />
                    <input semantic="NORMAL" source="#ID161" />
                </vertices>
                <triangles count="72" material="Material2">
                    <input offset="0" semantic="VERTEX" source="#ID163" />
                    <input offset="1" semantic="TEXCOORD" source="#ID164" />
                    <p>0 0 1 1 2 2 1 1 0 0 3 3 4 3 5 0 6 1 7 2 6 1 5 0 12 4 13 5 14 6 13 5 12 4 15 7 15 7 12 4 16 8 16 8 12 4 17 9 17 9 12 4 18 10 17 9 18 10 19 11 19 11 18 10 20 12 15 7 21 13 13 5 21 13 15 7 22 14 21 13 22 14 23 15 21 13 23 15 20 12 20 12 23 15 19 11 24 11 25 15 26 12 26 12 25 15 27 13 25 15 28 14 27 13 28 14 29 7 27 13 30 5 27 13 29 7 26 12 31 10 24 11 24 11 31 10 32 9 31 10 33 4 32 9 32 9 33 4 34 8 34 8 33 4 29 7 29 7 33 4 30 5 35 6 30 5 33 4 46 16 47 17 48 18 47 17 46 16 49 19 50 19 51 16 52 17 53 18 52 17 51 16 55 20 56 21 57 22 56 21 55 20 58 23 58 23 55 20 59 24 59 24 55 20 60 25 60 25 55 20 61 26 60 25 61 26 62 27 58 23 63 28 56 21 63 28 58 23 64 29 63 28 64 29 65 30 63 28 65 30 66 31 66 31 65 30 62 27 66 31 62 27 61 26 67 26 68 27 69 31 68 27 70 30 69 31 69 31 70 30 71 28 70 30 72 29 71 28 72 29 73 23 71 28 74 21 71 28 73 23 68 27 67 26 75 25 67 26 76 20 75 25 75 25 76 20 77 24 77 24 76 20 73 23 73 23 76 20 74 21 78 22 74 21 76 20 88 32 89 33 90 34 89 33 88 32 91 35 92 35 93 32 94 33 95 34 94 33 93 32 96 36 97 37 98 38 97 37 96 36 99 39 100 39 101 36 102 37 103 38 102 37 101 36 104 40 105 41 106 42 105 41 104 40 107 43 108 43 109 40 110 41 111 42 110 41 109 40 112 44 113 45 114 46 113 45 112 44 115 47 116 47 117 44 118 45 119 46 118 45 117 44</p>
                </triangles>
                <lines count="30" material="Material3">
                    <input offset="0" semantic="VERTEX" source="#ID163" />
                    <p>8 9 9 10 11 10 8 11 36 37 9 36 38 8 39 38 37 39 40 41 42 40 43 42 44 43 45 44 41 45 36 54 10 54 54 79 79 80 80 81 81 11 82 83 83 84 84 85 85 86 86 87 87 82 38 81 37 79 39 80</p>
                </lines>
            </mesh>
        </geometry>
        <geometry id="ID170">
            <mesh>
                <source id="ID171">
                    <float_array id="ID173" count="21">60.05804 96.04526 122.5071 46.59499 72.72658 122.5071 86.98412 96.04526 122.5071 100.4472 72.72658 122.5071 86.98412 49.40791 122.5071 60.05804 49.40791 122.5071 46.59499 72.72658 62.34044</float_array>
                    <technique_common>
                        <accessor count="7" source="#ID173" stride="3">
                            <param name="X" type="float" />
                            <param name="Y" type="float" />
                            <param name="Z" type="float" />
                        </accessor>
                    </technique_common>
                </source>
                <vertices id="ID172">
                    <input semantic="POSITION" source="#ID171" />
                </vertices>
                <lines count="7" material="Material2">
                    <input offset="0" semantic="VERTEX" source="#ID172" />
                    <p>1 0 0 2 2 3 3 4 4 5 5 1 6 1</p>
                </lines>
            </mesh>
        </geometry>
        <geometry id="ID174">
            <mesh>
                <source id="ID175">
                    <float_array id="ID177" count="21">96.85702 72.72658 61.27745 85.18905 92.9361 61.27745 85.18905 52.51706 61.27745 61.85311 52.51706 61.27745 50.18514 72.72658 61.27745 61.85311 92.9361 61.27745 85.18905 92.9361 122.5071</float_array>
                    <technique_common>
                        <accessor count="7" source="#ID177" stride="3">
                            <param name="X" type="float" />
                            <param name="Y" type="float" />
                            <param name="Z" type="float" />
                        </accessor>
                    </technique_common>
                </source>
                <vertices id="ID176">
                    <input semantic="POSITION" source="#ID175" />
                </vertices>
                <lines count="7" material="Material2">
                    <input offset="0" semantic="VERTEX" source="#ID176" />
                    <p>1 0 0 2 2 3 3 4 4 5 5 1 1 6</p>
                </lines>
            </mesh>
        </geometry>
        <geometry id="ID178">
            <mesh>
                <source id="ID179">
                    <float_array id="ID181" count="21">26.10644 100.1014 62.34044 73.52108 127.4763 62.34044 26.10644 45.35173 62.34044 73.52108 17.97687 62.34044 120.9357 45.35173 62.34044 120.9357 100.1014 62.34044 73.52108 127.4763 61.27745</float_array>
                    <technique_common>
                        <accessor count="7" source="#ID181" stride="3">
                            <param name="X" type="float" />
                            <param name="Y" type="float" />
                            <param name="Z" type="float" />
                        </accessor>
                    </technique_common>
                </source>
                <vertices id="ID180">
                    <input semantic="POSITION" source="#ID179" />
                </vertices>
                <lines count="7" material="Material2">
                    <input offset="0" semantic="VERTEX" source="#ID180" />
                    <p>1 0 0 2 2 3 3 4 4 5 5 1 6 1</p>
                </lines>
            </mesh>
        </geometry>
        <geometry id="ID182">
            <mesh>
                <source id="ID183">
                    <float_array id="ID185" count="18">60.05804 49.40791 61.27745 86.98412 49.40791 61.27745 46.59499 72.72658 61.27745 60.05804 96.04526 61.27745 86.98412 96.04526 61.27745 100.4472 72.72658 61.27745</float_array>
                    <technique_common>
                        <accessor count="6" source="#ID185" stride="3">
                            <param name="X" type="float" />
                            <param name="Y" type="float" />
                            <param name="Z" type="float" />
                        </accessor>
                    </technique_common>
                </source>
                <vertices id="ID184">
                    <input semantic="POSITION" source="#ID183" />
                </vertices>
                <lines count="6" material="Material2">
                    <input offset="0" semantic="VERTEX" source="#ID184" />
                    <p>1 0 0 2 2 3 3 4 4 5 5 1</p>
                </lines>
            </mesh>
        </geometry>
        <geometry id="ID186">
            <mesh>
                <source id="ID187">
                    <float_array id="ID189" count="21">50.18514 72.72658 122.5071 61.85311 52.51706 122.5071 61.85311 92.9361 122.5071 85.18905 92.9361 122.5071 96.85702 72.72658 122.5071 85.18905 52.51706 122.5071 61.85311 52.51706 61.27745</float_array>
                    <technique_common>
                        <accessor count="7" source="#ID189" stride="3">
                            <param name="X" type="float" />
                            <param name="Y" type="float" />
                            <param name="Z" type="float" />
                        </accessor>
                    </technique_common>
                </source>
                <vertices id="ID188">
                    <input semantic="POSITION" source="#ID187" />
                </vertices>
                <lines count="7" material="Material2">
                    <input offset="0" semantic="VERTEX" source="#ID188" />
                    <p>1 0 0 2 2 3 3 4 4 5 5 1 6 1</p>
                </lines>
            </mesh>
        </geometry>
        <geometry id="ID190">
            <mesh>
                <source id="ID191">
                    <float_array id="ID193" count="42">25.80904 46.26183 105.5386 25.80904 101.0115 105.5386 73.22368 18.88698 105.5386 120.6383 46.26183 105.5386 120.6383 101.0115 105.5386 73.93827 127.9738 105.5386 73.22368 128.3864 105.5386 25.80904 46.26183 104.5937 25.80904 101.0115 104.5937 73.22368 18.88698 104.5937 120.6383 46.26183 104.5937 120.6383 101.0115 104.5937 73.93827 127.9738 104.5937 73.22368 128.3864 104.5937</float_array>
                    <technique_common>
                        <accessor count="14" source="#ID193" stride="3">
                            <param name="X" type="float" />
                            <param name="Y" type="float" />
                            <param name="Z" type="float" />
                        </accessor>
                    </technique_common>
                </source>
                <vertices id="ID192">
                    <input semantic="POSITION" source="#ID191" />
                </vertices>
                <lines count="15" material="Material2">
                    <input offset="0" semantic="VERTEX" source="#ID192" />
                    <p>1 0 0 2 2 3 3 4 4 5 5 6 6 1 8 7 7 9 9 10 10 11 11 12 12 13 13 8 8 1</p>
                </lines>
            </mesh>
        </geometry>
        <geometry id="ID194">
            <mesh>
                <source id="ID195">
                    <float_array id="ID197" count="21">73.52108 127.4763 61.27745 120.9357 100.1014 61.27745 26.10644 100.1014 61.27745 26.10644 45.35173 61.27745 73.52108 17.97687 61.27745 120.9357 45.35173 61.27745 120.9357 100.1014 62.34044</float_array>
                    <technique_common>
                        <accessor count="7" source="#ID197" stride="3">
                            <param name="X" type="float" />
                            <param name="Y" type="float" />
                            <param name="Z" type="float" />
                        </accessor>
                    </technique_common>
                </source>
                <vertices id="ID196">
                    <input semantic="POSITION" source="#ID195" />
                </vertices>
                <lines count="7" material="Material2">
                    <input offset="0" semantic="VERTEX" source="#ID196" />
                    <p>1 0 0 2 2 3 3 4 4 5 5 1 1 6</p>
                </lines>
            </mesh>
        </geometry>
        <geometry id="ID198">
            <mesh>
                <source id="ID199">
                    <float_array id="ID201" count="21">86.68672 50.31801 104.5937 100.1498 73.63668 104.5937 59.76064 50.31801 104.5937 46.29759 73.63668 104.5937 59.76064 96.95536 104.5937 86.68672 96.95536 104.5937 100.1498 73.63668 105.5386</float_array>
                    <technique_common>
                        <accessor count="7" source="#ID201" stride="3">
                            <param name="X" type="float" />
                            <param name="Y" type="float" />
                            <param name="Z" type="float" />
                        </accessor>
                    </technique_common>
                </source>
                <vertices id="ID200">
                    <input semantic="POSITION" source="#ID199" />
                </vertices>
                <lines count="7" material="Material2">
                    <input offset="0" semantic="VERTEX" source="#ID200" />
                    <p>1 0 0 2 2 3 3 4 4 5 5 1 1 6</p>
                </lines>
            </mesh>
        </geometry>
        <geometry id="ID202">
            <mesh>
                <source id="ID203">
                    <float_array id="ID205" count="21">60.05804 49.40791 62.34044 86.98412 49.40791 62.34044 46.59499 72.72658 62.34044 60.05804 96.04526 62.34044 86.98412 96.04526 62.34044 100.4472 72.72658 62.34044 86.98412 49.40791 122.5071</float_array>
                    <technique_common>
                        <accessor count="7" source="#ID205" stride="3">
                            <param name="X" type="float" />
                            <param name="Y" type="float" />
                            <param name="Z" type="float" />
                        </accessor>
                    </technique_common>
                </source>
                <vertices id="ID204">
                    <input semantic="POSITION" source="#ID203" />
                </vertices>
                <lines count="7" material="Material2">
                    <input offset="0" semantic="VERTEX" source="#ID204" />
                    <p>1 0 0 2 2 3 3 4 4 5 5 1 1 6</p>
                </lines>
            </mesh>
        </geometry>
        <geometry id="ID206">
            <mesh>
                <source id="ID207">
                    <float_array id="ID209" count="21">59.76064 96.95536 105.5386 46.29759 73.63668 105.5386 86.68672 96.95536 105.5386 100.1498 73.63668 105.5386 86.68672 50.31801 105.5386 59.76064 50.31801 105.5386 46.29759 73.63668 104.5937</float_array>
                    <technique_common>
                        <accessor count="7" source="#ID209" stride="3">
                            <param name="X" type="float" />
                            <param name="Y" type="float" />
                            <param name="Z" type="float" />
                        </accessor>
                    </technique_common>
                </source>
                <vertices id="ID208">
                    <input semantic="POSITION" source="#ID207" />
                </vertices>
                <lines count="7" material="Material2">
                    <input offset="0" semantic="VERTEX" source="#ID208" />
                    <p>1 0 0 2 2 3 3 4 4 5 5 1 6 1</p>
                </lines>
            </mesh>
        </geometry>
        <geometry id="ID210">
            <mesh>
                <source id="ID211">
                    <float_array id="ID213" count="6">85.18905 52.51706 122.5071 85.18905 52.51706 61.27745</float_array>
                    <technique_common>
                        <accessor count="2" source="#ID213" stride="3">
                            <param name="X" type="float" />
                            <param name="Y" type="float" />
                            <param name="Z" type="float" />
                        </accessor>
                    </technique_common>
                </source>
                <vertices id="ID212">
                    <input semantic="POSITION" source="#ID211" />
                </vertices>
                <lines count="1" material="Material2">
                    <input offset="0" semantic="VERTEX" source="#ID212" />
                    <p>1 0</p>
                </lines>
            </mesh>
        </geometry>
        <geometry id="ID214">
            <mesh>
                <source id="ID215">
                    <float_array id="ID217" count="6">73.93827 127.9738 105.5386 73.93827 127.9738 104.5937</float_array>
                    <technique_common>
                        <accessor count="2" source="#ID217" stride="3">
                            <param name="X" type="float" />
                            <param name="Y" type="float" />
                            <param name="Z" type="float" />
                        </accessor>
                    </technique_common>
                </source>
                <vertices id="ID216">
                    <input semantic="POSITION" source="#ID215" />
                </vertices>
                <lines count="1" material="Material2">
                    <input offset="0" semantic="VERTEX" source="#ID216" />
                    <p>1 0</p>
                </lines>
            </mesh>
        </geometry>
        <geometry id="ID218">
            <mesh>
                <source id="ID219">
                    <float_array id="ID221" count="6">50.18514 72.72658 122.5071 50.18514 72.72658 61.27745</float_array>
                    <technique_common>
                        <accessor count="2" source="#ID221" stride="3">
                            <param name="X" type="float" />
                            <param name="Y" type="float" />
                            <param name="Z" type="float" />
                        </accessor>
                    </technique_common>
                </source>
                <vertices id="ID220">
                    <input semantic="POSITION" source="#ID219" />
                </vertices>
                <lines count="1" material="Material2">
                    <input offset="0" semantic="VERTEX" source="#ID220" />
                    <p>1 0</p>
                </lines>
            </mesh>
        </geometry>
        <geometry id="ID222">
            <mesh>
                <source id="ID223">
                    <float_array id="ID225" count="6">120.6383 101.0115 105.5386 120.6383 101.0115 104.5937</float_array>
                    <technique_common>
                        <accessor count="2" source="#ID225" stride="3">
                            <param name="X" type="float" />
                            <param name="Y" type="float" />
                            <param name="Z" type="float" />
                        </accessor>
                    </technique_common>
                </source>
                <vertices id="ID224">
                    <input semantic="POSITION" source="#ID223" />
                </vertices>
                <lines count="1" material="Material2">
                    <input offset="0" semantic="VERTEX" source="#ID224" />
                    <p>1 0</p>
                </lines>
            </mesh>
        </geometry>
        <geometry id="ID226">
            <mesh>
                <source id="ID227">
                    <float_array id="ID229" count="6">59.76064 96.95536 105.5386 59.76064 96.95536 104.5937</float_array>
                    <technique_common>
                        <accessor count="2" source="#ID229" stride="3">
                            <param name="X" type="float" />
                            <param name="Y" type="float" />
                            <param name="Z" type="float" />
                        </accessor>
                    </technique_common>
                </source>
                <vertices id="ID228">
                    <input semantic="POSITION" source="#ID227" />
                </vertices>
                <lines count="1" material="Material2">
                    <input offset="0" semantic="VERTEX" source="#ID228" />
                    <p>1 0</p>
                </lines>
            </mesh>
        </geometry>
        <geometry id="ID230">
            <mesh>
                <source id="ID231">
                    <float_array id="ID233" count="6">60.05804 49.40791 122.5071 60.05804 49.40791 62.34044</float_array>
                    <technique_common>
                        <accessor count="2" source="#ID233" stride="3">
                            <param name="X" type="float" />
                            <param name="Y" type="float" />
                            <param name="Z" type="float" />
                        </accessor>
                    </technique_common>
                </source>
                <vertices id="ID232">
                    <input semantic="POSITION" source="#ID231" />
                </vertices>
                <lines count="1" material="Material2">
                    <input offset="0" semantic="VERTEX" source="#ID232" />
                    <p>1 0</p>
                </lines>
            </mesh>
        </geometry>
        <geometry id="ID234">
            <mesh>
                <source id="ID235">
                    <float_array id="ID237" count="6">86.68672 96.95536 105.5386 86.68672 96.95536 104.5937</float_array>
                    <technique_common>
                        <accessor count="2" source="#ID237" stride="3">
                            <param name="X" type="float" />
                            <param name="Y" type="float" />
                            <param name="Z" type="float" />
                        </accessor>
                    </technique_common>
                </source>
                <vertices id="ID236">
                    <input semantic="POSITION" source="#ID235" />
                </vertices>
                <lines count="1" material="Material2">
                    <input offset="0" semantic="VERTEX" source="#ID236" />
                    <p>1 0</p>
                </lines>
            </mesh>
        </geometry>
        <geometry id="ID238">
            <mesh>
                <source id="ID239">
                    <float_array id="ID241" count="6">60.57401 52.70119 1.062992 60.57401 52.70119 2.613883e-30</float_array>
                    <technique_common>
                        <accessor count="2" source="#ID241" stride="3">
                            <param name="X" type="float" />
                            <param name="Y" type="float" />
                            <param name="Z" type="float" />
                        </accessor>
                    </technique_common>
                </source>
                <vertices id="ID240">
                    <input semantic="POSITION" source="#ID239" />
                </vertices>
                <lines count="1" material="Material2">
                    <input offset="0" semantic="VERTEX" source="#ID240" />
                    <p>1 0</p>
                </lines>
            </mesh>
        </geometry>
        <geometry id="ID242">
            <mesh>
                <source id="ID243">
                    <float_array id="ID245" count="6">87.5001 99.33854 1.062992 87.5001 99.33854 2.613883e-30</float_array>
                    <technique_common>
                        <accessor count="2" source="#ID245" stride="3">
                            <param name="X" type="float" />
                            <param name="Y" type="float" />
                            <param name="Z" type="float" />
                        </accessor>
                    </technique_common>
                </source>
                <vertices id="ID244">
                    <input semantic="POSITION" source="#ID243" />
                </vertices>
                <lines count="1" material="Material2">
                    <input offset="0" semantic="VERTEX" source="#ID244" />
                    <p>1 0</p>
                </lines>
            </mesh>
        </geometry>
        <geometry id="ID246">
            <mesh>
                <source id="ID247">
                    <float_array id="ID249" count="6">47.11097 76.01987 1.062992 47.11097 76.01987 2.613883e-30</float_array>
                    <technique_common>
                        <accessor count="2" source="#ID249" stride="3">
                            <param name="X" type="float" />
                            <param name="Y" type="float" />
                            <param name="Z" type="float" />
                        </accessor>
                    </technique_common>
                </source>
                <vertices id="ID248">
                    <input semantic="POSITION" source="#ID247" />
                </vertices>
                <lines count="1" material="Material2">
                    <input offset="0" semantic="VERTEX" source="#ID248" />
                    <p>1 0</p>
                </lines>
            </mesh>
        </geometry>
        <geometry id="ID250">
            <mesh>
                <source id="ID251">
                    <float_array id="ID253" count="6">120.6383 46.26183 105.5386 120.6383 46.26183 104.5937</float_array>
                    <technique_common>
                        <accessor count="2" source="#ID253" stride="3">
                            <param name="X" type="float" />
                            <param name="Y" type="float" />
                            <param name="Z" type="float" />
                        </accessor>
                    </technique_common>
                </source>
                <vertices id="ID252">
                    <input semantic="POSITION" source="#ID251" />
                </vertices>
                <lines count="1" material="Material2">
                    <input offset="0" semantic="VERTEX" source="#ID252" />
                    <p>1 0</p>
                </lines>
            </mesh>
        </geometry>
        <geometry id="ID254">
            <mesh>
                <source id="ID255">
                    <float_array id="ID257" count="6">61.85311 92.9361 122.5071 61.85311 92.9361 61.27745</float_array>
                    <technique_common>
                        <accessor count="2" source="#ID257" stride="3">
                            <param name="X" type="float" />
                            <param name="Y" type="float" />
                            <param name="Z" type="float" />
                        </accessor>
                    </technique_common>
                </source>
                <vertices id="ID256">
                    <input semantic="POSITION" source="#ID255" />
                </vertices>
                <lines count="1" material="Material2">
                    <input offset="0" semantic="VERTEX" source="#ID256" />
                    <p>1 0</p>
                </lines>
            </mesh>
        </geometry>
        <geometry id="ID258">
            <mesh>
                <source id="ID259">
                    <float_array id="ID261" count="6">26.10644 45.35173 62.34044 26.10644 45.35173 61.27745</float_array>
                    <technique_common>
                        <accessor count="2" source="#ID261" stride="3">
                            <param name="X" type="float" />
                            <param name="Y" type="float" />
                            <param name="Z" type="float" />
                        </accessor>
                    </technique_common>
                </source>
                <vertices id="ID260">
                    <input semantic="POSITION" source="#ID259" />
                </vertices>
                <lines count="1" material="Material2">
                    <input offset="0" semantic="VERTEX" source="#ID260" />
                    <p>1 0</p>
                </lines>
            </mesh>
        </geometry>
        <geometry id="ID262">
            <mesh>
                <source id="ID263">
                    <float_array id="ID265" count="6">26.10644 100.1014 62.34044 26.10644 100.1014 61.27745</float_array>
                    <technique_common>
                        <accessor count="2" source="#ID265" stride="3">
                            <param name="X" type="float" />
                            <param name="Y" type="float" />
                            <param name="Z" type="float" />
                        </accessor>
                    </technique_common>
                </source>
                <vertices id="ID264">
                    <input semantic="POSITION" source="#ID263" />
                </vertices>
                <lines count="1" material="Material2">
                    <input offset="0" semantic="VERTEX" source="#ID264" />
                    <p>1 0</p>
                </lines>
            </mesh>
        </geometry>
        <geometry id="ID266">
            <mesh>
                <source id="ID267">
                    <float_array id="ID269" count="6">73.52108 17.97687 62.34044 73.52108 17.97687 61.27745</float_array>
                    <technique_common>
                        <accessor count="2" source="#ID269" stride="3">
                            <param name="X" type="float" />
                            <param name="Y" type="float" />
                            <param name="Z" type="float" />
                        </accessor>
                    </technique_common>
                </source>
                <vertices id="ID268">
                    <input semantic="POSITION" source="#ID267" />
                </vertices>
                <lines count="1" material="Material2">
                    <input offset="0" semantic="VERTEX" source="#ID268" />
                    <p>1 0</p>
                </lines>
            </mesh>
        </geometry>
        <geometry id="ID270">
            <mesh>
                <source id="ID271">
                    <float_array id="ID273" count="6">25.80904 46.26183 105.5386 25.80904 46.26183 104.5937</float_array>
                    <technique_common>
                        <accessor count="2" source="#ID273" stride="3">
                            <param name="X" type="float" />
                            <param name="Y" type="float" />
                            <param name="Z" type="float" />
                        </accessor>
                    </technique_common>
                </source>
                <vertices id="ID272">
                    <input semantic="POSITION" source="#ID271" />
                </vertices>
                <lines count="1" material="Material2">
                    <input offset="0" semantic="VERTEX" source="#ID272" />
                    <p>1 0</p>
                </lines>
            </mesh>
        </geometry>
        <geometry id="ID274">
            <mesh>
                <source id="ID275">
                    <float_array id="ID277" count="6">100.4472 72.72658 122.5071 100.4472 72.72658 62.34044</float_array>
                    <technique_common>
                        <accessor count="2" source="#ID277" stride="3">
                            <param name="X" type="float" />
                            <param name="Y" type="float" />
                            <param name="Z" type="float" />
                        </accessor>
                    </technique_common>
                </source>
                <vertices id="ID276">
                    <input semantic="POSITION" source="#ID275" />
                </vertices>
                <lines count="1" material="Material2">
                    <input offset="0" semantic="VERTEX" source="#ID276" />
                    <p>1 0</p>
                </lines>
            </mesh>
        </geometry>
        <geometry id="ID278">
            <mesh>
                <source id="ID279">
                    <float_array id="ID281" count="6">96.85702 72.72658 122.5071 96.85702 72.72658 61.27745</float_array>
                    <technique_common>
                        <accessor count="2" source="#ID281" stride="3">
                            <param name="X" type="float" />
                            <param name="Y" type="float" />
                            <param name="Z" type="float" />
                        </accessor>
                    </technique_common>
                </source>
                <vertices id="ID280">
                    <input semantic="POSITION" source="#ID279" />
                </vertices>
                <lines count="1" material="Material2">
                    <input offset="0" semantic="VERTEX" source="#ID280" />
                    <p>1 0</p>
                </lines>
            </mesh>
        </geometry>
        <geometry id="ID282">
            <mesh>
                <source id="ID283">
                    <float_array id="ID285" count="6">60.57401 99.33854 1.062992 60.57401 99.33854 2.613883e-30</float_array>
                    <technique_common>
                        <accessor count="2" source="#ID285" stride="3">
                            <param name="X" type="float" />
                            <param name="Y" type="float" />
                            <param name="Z" type="float" />
                        </accessor>
                    </technique_common>
                </source>
                <vertices id="ID284">
                    <input semantic="POSITION" source="#ID283" />
                </vertices>
                <lines count="1" material="Material2">
                    <input offset="0" semantic="VERTEX" source="#ID284" />
                    <p>1 0</p>
                </lines>
            </mesh>
        </geometry>
        <geometry id="ID286">
            <mesh>
                <source id="ID287">
                    <float_array id="ID289" count="6">87.5001 52.70119 1.062992 87.5001 52.70119 2.613883e-30</float_array>
                    <technique_common>
                        <accessor count="2" source="#ID289" stride="3">
                            <param name="X" type="float" />
                            <param name="Y" type="float" />
                            <param name="Z" type="float" />
                        </accessor>
                    </technique_common>
                </source>
                <vertices id="ID288">
                    <input semantic="POSITION" source="#ID287" />
                </vertices>
                <lines count="1" material="Material2">
                    <input offset="0" semantic="VERTEX" source="#ID288" />
                    <p>1 0</p>
                </lines>
            </mesh>
        </geometry>
        <geometry id="ID290">
            <mesh>
                <source id="ID291">
                    <float_array id="ID293" count="6">59.76064 50.31801 105.5386 59.76064 50.31801 104.5937</float_array>
                    <technique_common>
                        <accessor count="2" source="#ID293" stride="3">
                            <param name="X" type="float" />
                            <param name="Y" type="float" />
                            <param name="Z" type="float" />
                        </accessor>
                    </technique_common>
                </source>
                <vertices id="ID292">
                    <input semantic="POSITION" source="#ID291" />
                </vertices>
                <lines count="1" material="Material2">
                    <input offset="0" semantic="VERTEX" source="#ID292" />
                    <p>1 0</p>
                </lines>
            </mesh>
        </geometry>
        <geometry id="ID294">
            <mesh>
                <source id="ID295">
                    <float_array id="ID297" count="6">120.9357 45.35173 62.34044 120.9357 45.35173 61.27745</float_array>
                    <technique_common>
                        <accessor count="2" source="#ID297" stride="3">
                            <param name="X" type="float" />
                            <param name="Y" type="float" />
                            <param name="Z" type="float" />
                        </accessor>
                    </technique_common>
                </source>
                <vertices id="ID296">
                    <input semantic="POSITION" source="#ID295" />
                </vertices>
                <lines count="1" material="Material2">
                    <input offset="0" semantic="VERTEX" source="#ID296" />
                    <p>1 0</p>
                </lines>
            </mesh>
        </geometry>
        <geometry id="ID298">
            <mesh>
                <source id="ID299">
                    <float_array id="ID301" count="6">73.22368 18.88698 105.5386 73.22368 18.88698 104.5937</float_array>
                    <technique_common>
                        <accessor count="2" source="#ID301" stride="3">
                            <param name="X" type="float" />
                            <param name="Y" type="float" />
                            <param name="Z" type="float" />
                        </accessor>
                    </technique_common>
                </source>
                <vertices id="ID300">
                    <input semantic="POSITION" source="#ID299" />
                </vertices>
                <lines count="1" material="Material2">
                    <input offset="0" semantic="VERTEX" source="#ID300" />
                    <p>1 0</p>
                </lines>
            </mesh>
        </geometry>
        <geometry id="ID302">
            <mesh>
                <source id="ID303">
                    <float_array id="ID305" count="6">100.9631 76.01987 1.062992 100.9631 76.01987 2.613883e-30</float_array>
                    <technique_common>
                        <accessor count="2" source="#ID305" stride="3">
                            <param name="X" type="float" />
                            <param name="Y" type="float" />
                            <param name="Z" type="float" />
                        </accessor>
                    </technique_common>
                </source>
                <vertices id="ID304">
                    <input semantic="POSITION" source="#ID303" />
                </vertices>
                <lines count="1" material="Material2">
                    <input offset="0" semantic="VERTEX" source="#ID304" />
                    <p>1 0</p>
                </lines>
            </mesh>
        </geometry>
        <geometry id="ID306">
            <mesh>
                <source id="ID307">
                    <float_array id="ID309" count="6">73.22368 128.3864 105.5386 73.22368 128.3864 104.5937</float_array>
                    <technique_common>
                        <accessor count="2" source="#ID309" stride="3">
                            <param name="X" type="float" />
                            <param name="Y" type="float" />
                            <param name="Z" type="float" />
                        </accessor>
                    </technique_common>
                </source>
                <vertices id="ID308">
                    <input semantic="POSITION" source="#ID307" />
                </vertices>
                <lines count="1" material="Material2">
                    <input offset="0" semantic="VERTEX" source="#ID308" />
                    <p>1 0</p>
                </lines>
            </mesh>
        </geometry>
        <geometry id="ID310">
            <mesh>
                <source id="ID311">
                    <float_array id="ID313" count="6">86.68672 50.31801 105.5386 86.68672 50.31801 104.5937</float_array>
                    <technique_common>
                        <accessor count="2" source="#ID313" stride="3">
                            <param name="X" type="float" />
                            <param name="Y" type="float" />
                            <param name="Z" type="float" />
                        </accessor>
                    </technique_common>
                </source>
                <vertices id="ID312">
                    <input semantic="POSITION" source="#ID311" />
                </vertices>
                <lines count="1" material="Material2">
                    <input offset="0" semantic="VERTEX" source="#ID312" />
                    <p>1 0</p>
                </lines>
            </mesh>
        </geometry>
        <geometry id="ID314">
            <mesh>
                <source id="ID315">
                    <float_array id="ID317" count="6">60.05804 96.04526 122.5071 60.05804 96.04526 62.34044</float_array>
                    <technique_common>
                        <accessor count="2" source="#ID317" stride="3">
                            <param name="X" type="float" />
                            <param name="Y" type="float" />
                            <param name="Z" type="float" />
                        </accessor>
                    </technique_common>
                </source>
                <vertices id="ID316">
                    <input semantic="POSITION" source="#ID315" />
                </vertices>
                <lines count="1" material="Material2">
                    <input offset="0" semantic="VERTEX" source="#ID316" />
                    <p>1 0</p>
                </lines>
            </mesh>
        </geometry>
        <geometry id="ID318">
            <mesh>
                <source id="ID319">
                    <float_array id="ID321" count="6">86.98412 96.04526 122.5071 86.98412 96.04526 62.34044</float_array>
                    <technique_common>
                        <accessor count="2" source="#ID321" stride="3">
                            <param name="X" type="float" />
                            <param name="Y" type="float" />
                            <param name="Z" type="float" />
                        </accessor>
                    </technique_common>
                </source>
                <vertices id="ID320">
                    <input semantic="POSITION" source="#ID319" />
                </vertices>
                <lines count="1" material="Material2">
                    <input offset="0" semantic="VERTEX" source="#ID320" />
                    <p>1 0</p>
                </lines>
            </mesh>
        </geometry>
        <geometry id="ID336">
            <mesh>
                <source id="ID337">
                    <float_array id="ID342" count="360">-79.35907 -133.0151 303.1476 -126.7737 -105.6402 302.0846 -79.35907 -133.0151 302.0846 -126.7737 -105.6402 303.1476 -126.7737 -105.6402 303.1476 -79.35907 -133.0151 303.1476 -126.7737 -105.6402 302.0846 -79.35907 -133.0151 302.0846 -126.7737 -105.6402 302.0846 -79.35907 -133.0151 302.0846 -79.35907 -133.0151 303.1476 -126.7737 -105.6402 303.1476 -79.35907 -23.51567 302.0846 -126.7737 -105.6402 302.0846 -126.7737 -50.89052 302.0846 -106.2852 -78.26537 302.0846 -92.82211 -54.9467 302.0846 -65.89602 -54.9467 302.0846 -31.94443 -50.89052 302.0846 -52.43298 -78.26537 302.0846 -31.94443 -105.6402 302.0846 -79.35907 -133.0151 302.0846 -92.82211 -101.584 302.0846 -65.89602 -101.584 302.0846 -52.43298 -78.26537 302.0846 -65.89602 -101.584 302.0846 -31.94443 -105.6402 302.0846 -79.35907 -133.0151 302.0846 -92.82211 -101.584 302.0846 -106.2852 -78.26537 302.0846 -126.7737 -105.6402 302.0846 -31.94443 -50.89052 302.0846 -65.89602 -54.9467 302.0846 -79.35907 -23.51567 302.0846 -92.82211 -54.9467 302.0846 -126.7737 -50.89052 302.0846 -31.94443 -105.6402 302.0846 -126.7737 -50.89052 302.0846 -79.35907 -23.51567 302.0846 -31.94443 -50.89052 302.0846 -106.2852 -78.26537 302.0846 -92.82211 -54.9467 302.0846 -92.82211 -101.584 302.0846 -65.89602 -101.584 302.0846 -52.43298 -78.26537 302.0846 -65.89602 -54.9467 302.0846 -31.94443 -105.6402 303.1476 -79.35907 -133.0151 302.0846 -31.94443 -105.6402 302.0846 -79.35907 -133.0151 303.1476 -79.35907 -133.0151 303.1476 -31.94443 -105.6402 303.1476 -79.35907 -133.0151 302.0846 -31.94443 -105.6402 302.0846 -31.94443 -105.6402 303.1476 -79.35907 -133.0151 303.1476 -126.7737 -50.89052 303.1476 -126.7737 -105.6402 303.1476 -106.2852 -78.26537 303.1476 -92.82211 -101.584 303.1476 -65.89602 -101.584 303.1476 -31.94443 -105.6402 303.1476 -52.43298 -78.26537 303.1476 -79.35907 -23.51567 303.1476 -92.82211 -54.9467 303.1476 -65.89602 -54.9467 303.1476 -31.94443 -50.89052 303.1476 -31.94443 -105.6402 303.1476 -52.43298 -78.26537 303.1476 -31.94443 -50.89052 303.1476 -65.89602 -54.9467 303.1476 -79.35907 -23.51567 303.1476 -92.82211 -54.9467 303.1476 -106.2852 -78.26537 303.1476 -126.7737 -50.89052 303.1476 -65.89602 -101.584 303.1476 -79.35907 -133.0151 303.1476 -92.82211 -101.584 303.1476 -126.7737 -105.6402 303.1476 -31.94443 -50.89052 303.1476 -79.35907 -23.51567 303.1476 -126.7737 -50.89052 303.1476 -106.2852 -78.26537 303.1476 -92.82211 -54.9467 303.1476 -65.89602 -54.9467 303.1476 -52.43298 -78.26537 303.1476 -65.89602 -101.584 303.1476 -92.82211 -101.584 303.1476 -126.7737 -50.89052 303.1476 -126.7737 -105.6402 302.0846 -126.7737 -105.6402 303.1476 -126.7737 -50.89052 302.0846 -126.7737 -50.89052 302.0846 -126.7737 -50.89052 303.1476 -126.7737 -105.6402 302.0846 -126.7737 -105.6402 303.1476 -126.7737 -50.89052 303.1476 -79.35907 -23.51567 302.0846 -126.7737 -50.89052 302.0846 -79.35907 -23.51567 303.1476 -79.35907 -23.51567 303.1476 -126.7737 -50.89052 303.1476 -79.35907 -23.51567 302.0846 -126.7737 -50.89052 302.0846 -79.35907 -23.51567 303.1476 -31.94443 -50.89052 302.0846 -79.35907 -23.51567 302.0846 -31.94443 -50.89052 303.1476 -31.94443 -50.89052 303.1476 -79.35907 -23.51567 303.1476 -31.94443 -50.89052 302.0846 -79.35907 -23.51567 302.0846 -31.94443 -50.89052 302.0846 -31.94443 -105.6402 303.1476 -31.94443 -105.6402 302.0846 -31.94443 -50.89052 303.1476 -31.94443 -50.89052 303.1476 -31.94443 -50.89052 302.0846 -31.94443 -105.6402 303.1476 -31.94443 -105.6402 302.0846</float_array>
                    <technique_common>
                        <accessor count="120" source="#ID342" stride="3">
                            <param name="X" type="float" />
                            <param name="Y" type="float" />
                            <param name="Z" type="float" />
                        </accessor>
                    </technique_common>
                </source>
                <source id="ID338">
                    <float_array id="ID343" count="360">-0.5 -0.8660254 -0 -0.5 -0.8660254 -0 -0.5 -0.8660254 -0 -0.5 -0.8660254 -0 0.5 0.8660254 0 0.5 0.8660254 0 0.5 0.8660254 0 0.5 0.8660254 0 0 0 0 0 0 0 0 0 0 0 0 0 0 0 -1 0 0 -1 0 0 -1 0 0 -1 0 0 -1 0 0 -1 0 0 -1 0 0 -1 0 0 -1 0 0 -1 0 0 -1 0 0 -1 -0 -0 1 -0 -0 1 -0 -0 1 -0 -0 1 -0 -0 1 -0 -0 1 -0 -0 1 -0 -0 1 -0 -0 1 -0 -0 1 -0 -0 1 -0 -0 1 0 0 0 0 0 0 0 0 0 0 0 0 0 0 0 0 0 0 0 0 0 0 0 0 0 0 0 0 0 0 0.5 -0.8660254 0 0.5 -0.8660254 0 0.5 -0.8660254 0 0.5 -0.8660254 0 -0.5 0.8660254 -0 -0.5 0.8660254 -0 -0.5 0.8660254 -0 -0.5 0.8660254 -0 0 0 0 0 0 1 0 0 1 0 0 1 0 0 1 0 0 1 0 0 1 0 0 1 0 0 1 0 0 1 0 0 1 0 0 1 0 0 1 -0 -0 -1 -0 -0 -1 -0 -0 -1 -0 -0 -1 -0 -0 -1 -0 -0 -1 -0 -0 -1 -0 -0 -1 -0 -0 -1 -0 -0 -1 -0 -0 -1 -0 -0 -1 0 0 0 0 0 0 0 0 0 0 0 0 0 0 0 0 0 0 0 0 0 0 0 0 0 0 0 -1 0 0 -1 0 0 -1 0 0 -1 0 0 1 -0 -0 1 -0 -0 1 -0 -0 1 -0 -0 -0.5 0.8660254 0 -0.5 0.8660254 0 -0.5 0.8660254 0 -0.5 0.8660254 0 0.5 -0.8660254 -0 0.5 -0.8660254 -0 0.5 -0.8660254 -0 0.5 -0.8660254 -0 0.5 0.8660254 0 0.5 0.8660254 0 0.5 0.8660254 0 0.5 0.8660254 0 -0.5 -0.8660254 -0 -0.5 -0.8660254 -0 -0.5 -0.8660254 -0 -0.5 -0.8660254 -0 1 -1.297802e-16 0 1 -1.297802e-16 0 1 -1.297802e-16 0 1 -1.297802e-16 0 -1 1.297802e-16 -0 -1 1.297802e-16 -0 -1 1.297802e-16 -0 -1 1.297802e-16 -0</float_array>
                    <technique_common>
                        <accessor count="120" source="#ID343" stride="3">
                            <param name="X" type="float" />
                            <param name="Y" type="float" />
                            <param name="Z" type="float" />
                        </accessor>
                    </technique_common>
                </source>
                <source id="ID339">
                    <Name_array id="ID345" count="0" />
                    <technique_common>
                        <accessor count="0" source="#ID345" stride="1">
                            <param name="skp_material" type="Name" />
                        </accessor>
                    </technique_common>
                </source>
                <source id="ID341">
                    <float_array id="ID344" count="96">-0.04110047 5.613844 -1.054984 5.594159 -0.04110047 5.594159 -1.054984 5.613844 1.469612 -0.4354753 2.347661 -1.956301 2.347661 -0.942417 1.968244 -1.449359 1.718928 -1.017531 1.220297 -1.017531 0.5915635 -0.942417 0.9709811 -1.449359 0.5915635 -1.956301 1.469612 -2.463242 1.718928 -1.881186 1.220297 -1.881186 -1.490459 5.613844 -2.504343 5.594159 -1.490459 5.594159 -2.504343 5.613844 -1.469612 -2.463242 -2.347661 -0.942417 -2.347661 -1.956301 -1.968244 -1.449359 -1.718928 -1.881186 -1.220297 -1.881186 -0.5915635 -1.956301 -0.9709811 -1.449359 -1.469612 -0.4354753 -1.718928 -1.017531 -1.220297 -1.017531 -0.5915635 -0.942417 0.942417 5.613844 1.956301 5.594159 1.956301 5.613844 0.942417 5.594159 2.504343 5.613844 1.490459 5.594159 2.504343 5.594159 1.490459 5.613844 1.054984 5.613844 0.04110047 5.594159 1.054984 5.594159 0.04110047 5.613844 -0.942417 5.594159 -1.956301 5.613844 -1.956301 5.594159 -0.942417 5.613844</float_array>
                    <technique_common>
                        <accessor count="48" source="#ID344" stride="2">
                            <param name="S" type="float" />
                            <param name="T" type="float" />
                        </accessor>
                    </technique_common>
                </source>
                <vertices id="ID340">
                    <input semantic="POSITION" source="#ID337" />
                    <input semantic="NORMAL" source="#ID338" />
                </vertices>
                <triangles count="72" material="Material2">
                    <input offset="0" semantic="VERTEX" source="#ID340" />
                    <input offset="1" semantic="TEXCOORD" source="#ID341" />
                    <p>0 0 1 1 2 2 1 1 0 0 3 3 4 3 5 0 6 1 7 2 6 1 5 0 12 4 13 5 14 6 13 5 12 4 15 7 15 7 12 4 16 8 16 8 12 4 17 9 17 9 12 4 18 10 17 9 18 10 19 11 19 11 18 10 20 12 15 7 21 13 13 5 21 13 15 7 22 14 21 13 22 14 23 15 21 13 23 15 20 12 20 12 23 15 19 11 24 11 25 15 26 12 26 12 25 15 27 13 25 15 28 14 27 13 28 14 29 7 27 13 30 5 27 13 29 7 26 12 31 10 24 11 24 11 31 10 32 9 31 10 33 4 32 9 32 9 33 4 34 8 34 8 33 4 29 7 29 7 33 4 30 5 35 6 30 5 33 4 46 16 47 17 48 18 47 17 46 16 49 19 50 19 51 16 52 17 53 18 52 17 51 16 55 20 56 21 57 22 56 21 55 20 58 23 58 23 55 20 59 24 59 24 55 20 60 25 60 25 55 20 61 26 60 25 61 26 62 27 58 23 63 28 56 21 63 28 58 23 64 29 63 28 64 29 65 30 63 28 65 30 66 31 66 31 65 30 62 27 66 31 62 27 61 26 67 26 68 27 69 31 68 27 70 30 69 31 69 31 70 30 71 28 70 30 72 29 71 28 72 29 73 23 71 28 74 21 71 28 73 23 68 27 67 26 75 25 67 26 76 20 75 25 75 25 76 20 77 24 77 24 76 20 73 23 73 23 76 20 74 21 78 22 74 21 76 20 88 32 89 33 90 34 89 33 88 32 91 35 92 35 93 32 94 33 95 34 94 33 93 32 96 36 97 37 98 38 97 37 96 36 99 39 100 39 101 36 102 37 103 38 102 37 101 36 104 40 105 41 106 42 105 41 104 40 107 43 108 43 109 40 110 41 111 42 110 41 109 40 112 44 113 45 114 46 113 45 112 44 115 47 116 47 117 44 118 45 119 46 118 45 117 44</p>
                </triangles>
                <lines count="30" material="Material3">
                    <input offset="0" semantic="VERTEX" source="#ID340" />
                    <p>8 9 9 10 11 10 8 11 9 36 37 8 38 37 39 38 36 39 40 41 42 40 43 42 44 43 45 44 41 45 36 54 10 54 54 79 79 80 80 81 81 11 82 83 83 84 84 85 85 86 86 87 87 82 37 81 38 80 39 79</p>
                </lines>
            </mesh>
        </geometry>
        <geometry id="ID346">
            <mesh>
                <source id="ID347">
                    <float_array id="ID352" count="402">-32.24183 -104.7301 346.3457 -79.65647 -132.105 345.4008 -32.24183 -104.7301 345.4008 -79.65647 -132.105 346.3457 -79.65647 -132.105 346.3457 -32.24183 -104.7301 346.3457 -79.65647 -132.105 345.4008 -32.24183 -104.7301 345.4008 -79.65647 -132.105 345.4008 -32.24183 -104.7301 345.4008 -32.24183 -104.7301 346.3457 -79.65647 -132.105 346.3457 -79.65647 -22.60556 345.4008 -127.0711 -104.7301 345.4008 -127.0711 -49.98042 345.4008 -106.5826 -77.35527 345.4008 -93.11951 -54.0366 345.4008 -66.19342 -54.0366 345.4008 -78.94188 -23.01813 345.4008 -32.24183 -49.98042 345.4008 -52.73038 -77.35527 345.4008 -32.24183 -104.7301 345.4008 -79.65647 -132.105 345.4008 -93.11951 -100.6739 345.4008 -66.19342 -100.6739 345.4008 -52.73038 -77.35527 345.4008 -66.19342 -100.6739 345.4008 -32.24183 -104.7301 345.4008 -79.65647 -132.105 345.4008 -93.11951 -100.6739 345.4008 -106.5826 -77.35527 345.4008 -127.0711 -104.7301 345.4008 -32.24183 -49.98042 345.4008 -66.19342 -54.0366 345.4008 -78.94188 -23.01813 345.4008 -79.65647 -22.60556 345.4008 -93.11951 -54.0366 345.4008 -127.0711 -49.98042 345.4008 -127.0711 -104.7301 345.4008 -127.0711 -49.98042 345.4008 -79.65647 -22.60556 345.4008 -78.94188 -23.01813 345.4008 -32.24183 -49.98042 345.4008 -106.5826 -77.35527 345.4008 -93.11951 -54.0366 345.4008 -93.11951 -100.6739 345.4008 -66.19342 -100.6739 345.4008 -52.73038 -77.35527 345.4008 -66.19342 -54.0366 345.4008 -32.24183 -49.98042 345.4008 -32.24183 -104.7301 346.3457 -32.24183 -104.7301 345.4008 -32.24183 -49.98042 346.3457 -32.24183 -49.98042 346.3457 -32.24183 -49.98042 345.4008 -32.24183 -104.7301 346.3457 -32.24183 -104.7301 345.4008 -32.24183 -49.98042 346.3457 -79.65647 -132.105 346.3457 -127.0711 -49.98042 346.3457 -127.0711 -104.7301 346.3457 -106.5826 -77.35527 346.3457 -93.11951 -100.6739 346.3457 -66.19342 -100.6739 346.3457 -32.24183 -104.7301 346.3457 -52.73038 -77.35527 346.3457 -79.65647 -22.60556 346.3457 -93.11951 -54.0366 346.3457 -66.19342 -54.0366 346.3457 -78.94188 -23.01813 346.3457 -32.24183 -49.98042 346.3457 -32.24183 -104.7301 346.3457 -52.73038 -77.35527 346.3457 -32.24183 -49.98042 346.3457 -66.19342 -54.0366 346.3457 -78.94188 -23.01813 346.3457 -79.65647 -22.60556 346.3457 -93.11951 -54.0366 346.3457 -106.5826 -77.35527 346.3457 -127.0711 -49.98042 346.3457 -66.19342 -100.6739 346.3457 -79.65647 -132.105 346.3457 -93.11951 -100.6739 346.3457 -127.0711 -104.7301 346.3457 -78.94188 -23.01813 346.3457 -79.65647 -22.60556 346.3457 -127.0711 -49.98042 346.3457 -127.0711 -104.7301 346.3457 -106.5826 -77.35527 346.3457 -93.11951 -54.0366 346.3457 -66.19342 -54.0366 346.3457 -52.73038 -77.35527 346.3457 -66.19342 -100.6739 346.3457 -93.11951 -100.6739 346.3457 -79.65647 -132.105 346.3457 -127.0711 -104.7301 345.4008 -79.65647 -132.105 345.4008 -127.0711 -104.7301 346.3457 -127.0711 -104.7301 346.3457 -79.65647 -132.105 346.3457 -127.0711 -104.7301 345.4008 -79.65647 -132.105 345.4008 -127.0711 -49.98042 346.3457 -127.0711 -104.7301 345.4008 -127.0711 -104.7301 346.3457 -127.0711 -49.98042 345.4008 -127.0711 -49.98042 345.4008 -127.0711 -49.98042 346.3457 -127.0711 -104.7301 345.4008 -127.0711 -104.7301 346.3457 -127.0711 -49.98042 346.3457 -79.65647 -22.60556 345.4008 -127.0711 -49.98042 345.4008 -79.65647 -22.60556 346.3457 -79.65647 -22.60556 346.3457 -127.0711 -49.98042 346.3457 -79.65647 -22.60556 345.4008 -127.0711 -49.98042 345.4008 -79.65647 -22.60556 346.3457 -78.94188 -23.01813 345.4008 -79.65647 -22.60556 345.4008 -78.94188 -23.01813 346.3457 -78.94188 -23.01813 346.3457 -79.65647 -22.60556 346.3457 -78.94188 -23.01813 345.4008 -79.65647 -22.60556 345.4008 -78.94188 -23.01813 345.4008 -32.24183 -49.98042 346.3457 -32.24183 -49.98042 345.4008 -78.94188 -23.01813 346.3457 -78.94188 -23.01813 346.3457 -78.94188 -23.01813 345.4008 -32.24183 -49.98042 346.3457 -32.24183 -49.98042 345.4008</float_array>
                    <technique_common>
                        <accessor count="134" source="#ID352" stride="3">
                            <param name="X" type="float" />
                            <param name="Y" type="float" />
                            <param name="Z" type="float" />
                        </accessor>
                    </technique_common>
                </source>
                <source id="ID348">
                    <float_array id="ID353" count="402">0.5 -0.8660254 0 0.5 -0.8660254 0 0.5 -0.8660254 0 0.5 -0.8660254 0 -0.5 0.8660254 -0 -0.5 0.8660254 -0 -0.5 0.8660254 -0 -0.5 0.8660254 -0 0 0 0 0 0 0 0 0 0 0 0 0 0 0 -1 0 0 -1 0 0 -1 0 0 -1 0 0 -1 0 0 -1 0 0 -1 0 0 -1 0 0 -1 0 0 -1 0 0 -1 0 0 -1 0 0 -1 -0 -0 1 -0 -0 1 -0 -0 1 -0 -0 1 -0 -0 1 -0 -0 1 -0 -0 1 -0 -0 1 -0 -0 1 -0 -0 1 -0 -0 1 -0 -0 1 -0 -0 1 0 0 0 0 0 0 0 0 0 0 0 0 0 0 0 0 0 0 0 0 0 0 0 0 0 0 0 0 0 0 0 0 0 1 -1.946703e-16 0 1 -1.946703e-16 0 1 -1.946703e-16 0 1 -1.946703e-16 0 -1 1.946703e-16 -0 -1 1.946703e-16 -0 -1 1.946703e-16 -0 -1 1.946703e-16 -0 0 0 0 0 0 1 0 0 1 0 0 1 0 0 1 0 0 1 0 0 1 0 0 1 0 0 1 0 0 1 0 0 1 0 0 1 0 0 1 0 0 1 -0 -0 -1 -0 -0 -1 -0 -0 -1 -0 -0 -1 -0 -0 -1 -0 -0 -1 -0 -0 -1 -0 -0 -1 -0 -0 -1 -0 -0 -1 -0 -0 -1 -0 -0 -1 -0 -0 -1 0 0 0 0 0 0 0 0 0 0 0 0 0 0 0 0 0 0 0 0 0 0 0 0 0 0 0 0 0 0 -0.5 -0.8660254 -0 -0.5 -0.8660254 -0 -0.5 -0.8660254 -0 -0.5 -0.8660254 -0 0.5 0.8660254 0 0.5 0.8660254 0 0.5 0.8660254 0 0.5 0.8660254 0 -1 0 0 -1 0 0 -1 0 0 -1 0 0 1 -0 -0 1 -0 -0 1 -0 -0 1 -0 -0 -0.5 0.8660254 0 -0.5 0.8660254 0 -0.5 0.8660254 0 -0.5 0.8660254 0 0.5 -0.8660254 -0 0.5 -0.8660254 -0 0.5 -0.8660254 -0 0.5 -0.8660254 -0 0.5 0.8660254 0 0.5 0.8660254 0 0.5 0.8660254 0 0.5 0.8660254 0 -0.5 -0.8660254 -0 -0.5 -0.8660254 -0 -0.5 -0.8660254 -0 -0.5 -0.8660254 -0 0.5 0.8660254 0 0.5 0.8660254 0 0.5 0.8660254 0 0.5 0.8660254 0 -0.5 -0.8660254 -0 -0.5 -0.8660254 -0 -0.5 -0.8660254 -0 -0.5 -0.8660254 -0</float_array>
                    <technique_common>
                        <accessor count="134" source="#ID353" stride="3">
                            <param name="X" type="float" />
                            <param name="Y" type="float" />
                            <param name="Z" type="float" />
                        </accessor>
                    </technique_common>
                </source>
                <source id="ID349">
                    <Name_array id="ID355" count="0" />
                    <technique_common>
                        <accessor count="0" source="#ID355" stride="1">
                            <param name="skp_material" type="Name" />
                        </accessor>
                    </technique_common>
                </source>
                <source id="ID351">
                    <float_array id="ID354" count="108">-1.486802 6.413809 -2.500685 6.396311 -1.486802 6.396311 -2.500685 6.413809 1.47512 -0.4186215 2.353169 -1.939447 2.353169 -0.9255633 1.973751 -1.432505 1.724435 -1.000678 1.225804 -1.000678 1.461887 -0.4262616 0.5970709 -0.9255633 0.9764885 -1.432505 0.5970709 -1.939447 1.47512 -2.446389 1.724435 -1.864332 1.225804 -1.864332 -0.9255633 6.396311 -1.939447 6.413809 -1.939447 6.396311 -0.9255633 6.413809 -1.47512 -2.446389 -2.353169 -0.9255633 -2.353169 -1.939447 -1.973751 -1.432505 -1.724435 -1.864332 -1.225804 -1.864332 -0.5970709 -1.939447 -0.9764885 -1.432505 -1.47512 -0.4186215 -1.724435 -1.000678 -1.225804 -1.000678 -1.461887 -0.4262616 -0.5970709 -0.9255633 -0.05429692 6.413809 -1.06818 6.396311 -0.05429692 6.396311 -1.06818 6.413809 0.9255633 6.413809 1.939447 6.396311 1.939447 6.413809 0.9255633 6.396311 2.500685 6.413809 1.486802 6.396311 2.500685 6.396311 1.486802 6.413809 1.06818 6.413809 1.0529 6.396311 1.06818 6.396311 1.0529 6.413809 1.0529 6.396311 0.05429692 6.413809 0.05429692 6.396311 1.0529 6.413809</float_array>
                    <technique_common>
                        <accessor count="54" source="#ID354" stride="2">
                            <param name="S" type="float" />
                            <param name="T" type="float" />
                        </accessor>
                    </technique_common>
                </source>
                <vertices id="ID350">
                    <input semantic="POSITION" source="#ID347" />
                    <input semantic="NORMAL" source="#ID348" />
                </vertices>
                <triangles count="80" material="Material2">
                    <input offset="0" semantic="VERTEX" source="#ID350" />
                    <input offset="1" semantic="TEXCOORD" source="#ID351" />
                    <p>0 0 1 1 2 2 1 1 0 0 3 3 4 3 5 0 6 1 7 2 6 1 5 0 12 4 13 5 14 6 13 5 12 4 15 7 15 7 12 4 16 8 16 8 12 4 17 9 17 9 12 4 18 10 17 9 18 10 19 11 17 9 19 11 20 12 20 12 19 11 21 13 15 7 22 14 13 5 22 14 15 7 23 15 22 14 23 15 24 16 22 14 24 16 21 13 21 13 24 16 20 12 25 12 26 16 27 13 27 13 26 16 28 14 26 16 29 15 28 14 29 15 30 7 28 14 31 5 28 14 30 7 27 13 32 11 25 12 25 12 32 11 33 9 32 11 34 10 33 9 34 10 35 4 33 9 33 9 35 4 36 8 36 8 35 4 30 7 30 7 35 4 31 5 37 6 31 5 35 4 49 17 50 18 51 19 50 18 49 17 52 20 53 20 54 17 55 18 56 19 55 18 54 17 58 21 59 22 60 23 59 22 58 21 61 24 61 24 58 21 62 25 62 25 58 21 63 26 63 26 58 21 64 27 63 26 64 27 65 28 61 24 66 29 59 22 66 29 61 24 67 30 66 29 67 30 68 31 66 29 68 31 69 32 69 32 68 31 70 33 70 33 68 31 65 28 70 33 65 28 64 27 71 27 72 28 73 33 72 28 74 31 73 33 73 33 74 31 75 32 75 32 74 31 76 29 74 31 77 30 76 29 77 30 78 24 76 29 79 22 76 29 78 24 72 28 71 27 80 26 71 27 81 21 80 26 80 26 81 21 82 25 82 25 81 21 78 24 78 24 81 21 79 22 83 23 79 22 81 21 94 34 95 35 96 36 95 35 94 34 97 37 98 37 99 34 100 35 101 36 100 35 99 34 102 38 103 39 104 40 103 39 102 38 105 41 106 41 107 38 108 39 109 40 108 39 107 38 110 42 111 43 112 44 111 43 110 42 113 45 114 45 115 42 116 43 117 44 116 43 115 42 118 46 119 47 120 48 119 47 118 46 121 49 122 49 123 46 124 47 125 48 124 47 123 46 126 50 127 51 128 52 127 51 126 50 129 53 130 53 131 50 132 51 133 52 132 51 131 50</p>
                </triangles>
                <lines count="33" material="Material3">
                    <input offset="0" semantic="VERTEX" source="#ID350" />
                    <p>8 9 9 10 11 10 8 11 38 8 39 38 40 39 41 40 42 41 9 42 43 44 45 43 46 45 47 46 48 47 44 48 42 57 10 57 57 84 84 85 85 86 86 87 87 11 88 89 89 90 90 91 91 92 92 93 93 88 38 87 39 86 40 85 41 84</p>
                </lines>
            </mesh>
        </geometry>
        <geometry id="ID356">
            <mesh>
                <source id="ID357">
                    <float_array id="ID362" count="180">-106.5826 -77.35527 345.4008 -93.11951 -100.6739 346.3457 -93.11951 -100.6739 345.4008 -106.5826 -77.35527 346.3457 -106.5826 -77.35527 346.3457 -106.5826 -77.35527 345.4008 -93.11951 -100.6739 346.3457 -93.11951 -100.6739 345.4008 -93.11951 -100.6739 345.4008 -106.5826 -77.35527 345.4008 -106.5826 -77.35527 346.3457 -93.11951 -100.6739 346.3457 -93.11951 -54.0366 345.4008 -106.5826 -77.35527 346.3457 -106.5826 -77.35527 345.4008 -93.11951 -54.0366 346.3457 -93.11951 -54.0366 346.3457 -93.11951 -54.0366 345.4008 -106.5826 -77.35527 346.3457 -106.5826 -77.35527 345.4008 -93.11951 -54.0366 345.4008 -93.11951 -54.0366 346.3457 -93.11951 -100.6739 346.3457 -66.19342 -100.6739 345.4008 -93.11951 -100.6739 345.4008 -66.19342 -100.6739 346.3457 -66.19342 -100.6739 346.3457 -93.11951 -100.6739 346.3457 -66.19342 -100.6739 345.4008 -93.11951 -100.6739 345.4008 -66.19342 -100.6739 345.4008 -66.19342 -100.6739 346.3457 -66.19342 -54.0366 346.3457 -93.11951 -54.0366 345.4008 -66.19342 -54.0366 345.4008 -93.11951 -54.0366 346.3457 -93.11951 -54.0366 346.3457 -66.19342 -54.0366 346.3457 -93.11951 -54.0366 345.4008 -66.19342 -54.0366 345.4008 -66.19342 -54.0366 345.4008 -66.19342 -54.0366 346.3457 -52.73038 -77.35527 346.3457 -66.19342 -100.6739 345.4008 -66.19342 -100.6739 346.3457 -52.73038 -77.35527 345.4008 -52.73038 -77.35527 345.4008 -52.73038 -77.35527 346.3457 -66.19342 -100.6739 345.4008 -66.19342 -100.6739 346.3457 -52.73038 -77.35527 345.4008 -52.73038 -77.35527 346.3457 -66.19342 -54.0366 346.3457 -52.73038 -77.35527 345.4008 -52.73038 -77.35527 346.3457 -66.19342 -54.0366 345.4008 -66.19342 -54.0366 345.4008 -66.19342 -54.0366 346.3457 -52.73038 -77.35527 345.4008 -52.73038 -77.35527 346.3457</float_array>
                    <technique_common>
                        <accessor count="60" source="#ID362" stride="3">
                            <param name="X" type="float" />
                            <param name="Y" type="float" />
                            <param name="Z" type="float" />
                        </accessor>
                    </technique_common>
                </source>
                <source id="ID358">
                    <float_array id="ID363" count="180">0.8660254 0.5 0 0.8660254 0.5 0 0.8660254 0.5 0 0.8660254 0.5 0 -0.8660254 -0.5 -0 -0.8660254 -0.5 -0 -0.8660254 -0.5 -0 -0.8660254 -0.5 -0 0 0 0 0 0 0 0 0 0 0 0 0 0.8660254 -0.5 0 0.8660254 -0.5 0 0.8660254 -0.5 0 0.8660254 -0.5 0 -0.8660254 0.5 -0 -0.8660254 0.5 -0 -0.8660254 0.5 -0 -0.8660254 0.5 -0 0 0 0 0 0 0 0 1 0 0 1 0 0 1 0 0 1 0 -0 -1 -0 -0 -1 -0 -0 -1 -0 -0 -1 -0 0 0 0 0 0 0 -0 -1 -0 -0 -1 -0 -0 -1 -0 -0 -1 -0 0 1 0 0 1 0 0 1 0 0 1 0 0 0 0 0 0 0 -0.8660254 0.5 0 -0.8660254 0.5 0 -0.8660254 0.5 0 -0.8660254 0.5 0 0.8660254 -0.5 -0 0.8660254 -0.5 -0 0.8660254 -0.5 -0 0.8660254 -0.5 -0 0 0 0 0 0 0 -0.8660254 -0.5 -0 -0.8660254 -0.5 -0 -0.8660254 -0.5 -0 -0.8660254 -0.5 -0 0.8660254 0.5 0 0.8660254 0.5 0 0.8660254 0.5 0 0.8660254 0.5 0</float_array>
                    <technique_common>
                        <accessor count="60" source="#ID363" stride="3">
                            <param name="X" type="float" />
                            <param name="Y" type="float" />
                            <param name="Z" type="float" />
                        </accessor>
                    </technique_common>
                </source>
                <source id="ID359">
                    <Name_array id="ID365" count="0" />
                    <technique_common>
                        <accessor count="0" source="#ID365" stride="1">
                            <param name="skp_material" type="Name" />
                        </accessor>
                    </technique_common>
                </source>
                <source id="ID361">
                    <float_array id="ID364" count="48">-0.2537102 6.396311 -0.7523415 6.413809 -0.7523415 6.396311 -0.2537102 6.413809 -1.72883 6.396311 -2.227461 6.413809 -2.227461 6.396311 -1.72883 6.413809 1.724435 6.413809 1.225804 6.396311 1.724435 6.396311 1.225804 6.413809 -1.225804 6.413809 -1.724435 6.396311 -1.225804 6.396311 -1.724435 6.413809 1.72883 6.413809 2.227461 6.396311 2.227461 6.413809 1.72883 6.396311 0.2537102 6.413809 0.7523415 6.396311 0.7523415 6.413809 0.2537102 6.396311</float_array>
                    <technique_common>
                        <accessor count="24" source="#ID364" stride="2">
                            <param name="S" type="float" />
                            <param name="T" type="float" />
                        </accessor>
                    </technique_common>
                </source>
                <vertices id="ID360">
                    <input semantic="POSITION" source="#ID357" />
                    <input semantic="NORMAL" source="#ID358" />
                </vertices>
                <triangles count="24" material="Material2">
                    <input offset="0" semantic="VERTEX" source="#ID360" />
                    <input offset="1" semantic="TEXCOORD" source="#ID361" />
                    <p>0 0 1 1 2 2 1 1 0 0 3 3 4 3 5 0 6 1 7 2 6 1 5 0 12 4 13 5 14 6 13 5 12 4 15 7 16 7 17 4 18 5 19 6 18 5 17 4 22 8 23 9 24 10 23 9 22 8 25 11 26 11 27 8 28 9 29 10 28 9 27 8 32 12 33 13 34 14 33 13 32 12 35 15 36 15 37 12 38 13 39 14 38 13 37 12 42 16 43 17 44 18 43 17 42 16 45 19 46 19 47 16 48 17 49 18 48 17 47 16 52 20 53 21 54 22 53 21 52 20 55 23 56 23 57 20 58 21 59 22 58 21 57 20</p>
                </triangles>
                <lines count="18" material="Material3">
                    <input offset="0" semantic="VERTEX" source="#ID360" />
                    <p>8 9 9 10 11 10 8 11 9 20 20 21 10 21 30 8 31 11 30 31 20 40 40 41 21 41 50 30 51 31 50 51 40 50 41 51</p>
                </lines>
            </mesh>
        </geometry>
        <geometry id="ID366">
            <mesh>
                <source id="ID367">
                    <float_array id="ID371" count="270">-92.82211 -54.9467 389.3772 -65.89602 -54.9467 303.1476 -92.82211 -54.9467 303.1476 -65.89602 -54.9467 389.3772 -65.89602 -54.9467 389.3772 -92.82211 -54.9467 389.3772 -65.89602 -54.9467 303.1476 -92.82211 -54.9467 303.1476 -92.82211 -54.9467 303.1476 -65.89602 -54.9467 303.1476 -92.82211 -54.9467 389.3772 -65.89602 -54.9467 389.3772 -92.82211 -54.9467 389.3772 -106.2852 -78.26537 303.1476 -106.2852 -78.26537 389.3772 -92.82211 -54.9467 303.1476 -92.82211 -54.9467 303.1476 -92.82211 -54.9467 389.3772 -106.2852 -78.26537 303.1476 -106.2852 -78.26537 389.3772 -106.2852 -78.26537 303.1476 -106.2852 -78.26537 389.3772 -92.82211 -54.9467 389.3772 -102.695 -78.26537 389.3772 -106.2852 -78.26537 389.3772 -91.02704 -58.05586 389.3772 -65.89602 -54.9467 389.3772 -67.6911 -58.05586 389.3772 -56.02312 -78.26537 389.3772 -52.43298 -78.26537 389.3772 -92.82211 -101.584 389.3772 -91.02704 -98.47489 389.3772 -65.89602 -101.584 389.3772 -67.6911 -98.47489 389.3772 -52.43298 -78.26537 389.3772 -56.02312 -78.26537 389.3772 -65.89602 -101.584 389.3772 -67.6911 -98.47489 389.3772 -91.02704 -98.47489 389.3772 -92.82211 -101.584 389.3772 -102.695 -78.26537 389.3772 -106.2852 -78.26537 389.3772 -65.89602 -54.9467 389.3772 -67.6911 -58.05586 389.3772 -91.02704 -58.05586 389.3772 -92.82211 -54.9467 389.3772 -52.43298 -78.26537 389.3772 -65.89602 -101.584 389.3772 -92.82211 -101.584 389.3772 -102.695 -78.26537 389.3772 -91.02704 -58.05586 389.3772 -91.02704 -98.47489 389.3772 -67.6911 -98.47489 389.3772 -56.02312 -78.26537 389.3772 -67.6911 -58.05586 389.3772 -65.89602 -54.9467 303.1476 -52.43298 -78.26537 389.3772 -52.43298 -78.26537 303.1476 -65.89602 -54.9467 389.3772 -65.89602 -54.9467 389.3772 -65.89602 -54.9467 303.1476 -52.43298 -78.26537 389.3772 -52.43298 -78.26537 303.1476 -52.43298 -78.26537 303.1476 -106.2852 -78.26537 389.3772 -92.82211 -101.584 303.1476 -92.82211 -101.584 389.3772 -106.2852 -78.26537 303.1476 -106.2852 -78.26537 303.1476 -106.2852 -78.26537 389.3772 -92.82211 -101.584 303.1476 -92.82211 -101.584 389.3772 -92.82211 -101.584 303.1476 -52.43298 -78.26537 303.1476 -65.89602 -101.584 389.3772 -65.89602 -101.584 303.1476 -52.43298 -78.26537 389.3772 -52.43298 -78.26537 389.3772 -52.43298 -78.26537 303.1476 -65.89602 -101.584 389.3772 -65.89602 -101.584 303.1476 -65.89602 -101.584 303.1476 -65.89602 -101.584 389.3772 -92.82211 -101.584 303.1476 -65.89602 -101.584 303.1476 -92.82211 -101.584 389.3772 -92.82211 -101.584 389.3772 -65.89602 -101.584 389.3772 -92.82211 -101.584 303.1476 -65.89602 -101.584 303.1476</float_array>
                    <technique_common>
                        <accessor count="90" source="#ID371" stride="3">
                            <param name="X" type="float" />
                            <param name="Y" type="float" />
                            <param name="Z" type="float" />
                        </accessor>
                    </technique_common>
                </source>
                <source id="ID368">
                    <float_array id="ID372" count="270">-1.879978e-16 1 0 -1.879978e-16 1 0 -1.879978e-16 1 0 -1.879978e-16 1 0 1.879978e-16 -1 -0 1.879978e-16 -1 -0 1.879978e-16 -1 -0 1.879978e-16 -1 -0 0 0 0 0 0 0 0 0 0 0 0 0 -0.8660254 0.5 0 -0.8660254 0.5 0 -0.8660254 0.5 0 -0.8660254 0.5 0 0.8660254 -0.5 -0 0.8660254 -0.5 -0 0.8660254 -0.5 -0 0.8660254 -0.5 -0 0 0 0 0 0 0 0 0 -1 0 0 -1 0 0 -1 0 0 -1 0 0 -1 0 0 -1 0 0 -1 0 0 -1 0 0 -1 0 0 -1 0 0 -1 0 0 -1 -0 -0 1 -0 -0 1 -0 -0 1 -0 -0 1 -0 -0 1 -0 -0 1 -0 -0 1 -0 -0 1 -0 -0 1 -0 -0 1 -0 -0 1 -0 -0 1 0 0 0 0 0 0 0 0 0 0 0 0 0 0 0 0 0 0 0 0 0 0 0 0 0 0 0 0.8660254 0.5 0 0.8660254 0.5 0 0.8660254 0.5 0 0.8660254 0.5 0 -0.8660254 -0.5 -0 -0.8660254 -0.5 -0 -0.8660254 -0.5 -0 -0.8660254 -0.5 -0 0 0 0 -0.8660254 -0.5 -0 -0.8660254 -0.5 -0 -0.8660254 -0.5 -0 -0.8660254 -0.5 -0 0.8660254 0.5 0 0.8660254 0.5 0 0.8660254 0.5 0 0.8660254 0.5 0 0 0 0 0.8660254 -0.5 0 0.8660254 -0.5 0 0.8660254 -0.5 0 0.8660254 -0.5 0 -0.8660254 0.5 -0 -0.8660254 0.5 -0 -0.8660254 0.5 -0 -0.8660254 0.5 -0 0 0 0 7.519911e-16 -1 0 7.519911e-16 -1 0 7.519911e-16 -1 0 7.519911e-16 -1 0 -7.519911e-16 1 -0 -7.519911e-16 1 -0 -7.519911e-16 1 -0 -7.519911e-16 1 -0</float_array>
                    <technique_common>
                        <accessor count="90" source="#ID372" stride="3">
                            <param name="X" type="float" />
                            <param name="Y" type="float" />
                            <param name="Z" type="float" />
                        </accessor>
                    </technique_common>
                </source>
                <source id="ID369">
                    <Name_array id="ID373" count="0" />
                    <technique_common>
                        <accessor count="0" source="#ID373" stride="1">
                            <param name="skp_material" type="Name" />
                        </accessor>
                    </technique_common>
                </source>
                <vertices id="ID370">
                    <input semantic="POSITION" source="#ID367" />
                    <input semantic="NORMAL" source="#ID368" />
                </vertices>
                <triangles count="48" material="Material2">
                    <input offset="0" semantic="VERTEX" source="#ID370" />
                    <p>0 1 2 1 0 3 4 5 6 7 6 5 12 13 14 13 12 15 16 17 18 19 18 17 22 23 24 23 22 25 25 22 26 25 26 27 27 26 28 28 26 29 23 30 24 30 23 31 30 31 32 32 31 33 32 33 28 32 28 29 34 35 36 35 37 36 37 38 36 36 38 39 38 40 39 41 39 40 34 42 35 35 42 43 43 42 44 42 45 44 44 45 40 41 40 45 55 56 57 56 55 58 59 60 61 62 61 60 64 65 66 65 64 67 68 69 70 71 70 69 73 74 75 74 73 76 77 78 79 80 79 78 82 83 84 83 82 85 86 87 88 89 88 87</p>
                </triangles>
                <lines count="24" material="Material3">
                    <input offset="0" semantic="VERTEX" source="#ID370" />
                    <p>8 9 8 10 10 11 9 11 20 8 20 21 21 10 11 46 46 47 47 48 48 21 49 50 51 49 52 51 53 52 54 53 50 54 9 63 63 46 72 20 72 48 63 81 81 47 81 72</p>
                </lines>
            </mesh>
        </geometry>
        <geometry id="ID374">
            <mesh>
                <source id="ID375">
                    <float_array id="ID379" count="180">-102.695 -78.26537 389.3772 -91.02704 -98.47489 302.0846 -91.02704 -98.47489 389.3772 -102.695 -78.26537 302.0846 -102.695 -78.26537 302.0846 -102.695 -78.26537 389.3772 -91.02704 -98.47489 302.0846 -91.02704 -98.47489 389.3772 -91.02704 -98.47489 302.0846 -102.695 -78.26537 302.0846 -91.02704 -98.47489 389.3772 -102.695 -78.26537 389.3772 -67.6911 -98.47489 389.3772 -91.02704 -98.47489 302.0846 -67.6911 -98.47489 302.0846 -91.02704 -98.47489 389.3772 -91.02704 -98.47489 389.3772 -67.6911 -98.47489 389.3772 -91.02704 -98.47489 302.0846 -67.6911 -98.47489 302.0846 -67.6911 -98.47489 302.0846 -67.6911 -98.47489 389.3772 -91.02704 -58.05586 389.3772 -102.695 -78.26537 302.0846 -102.695 -78.26537 389.3772 -91.02704 -58.05586 302.0846 -91.02704 -58.05586 302.0846 -91.02704 -58.05586 389.3772 -102.695 -78.26537 302.0846 -102.695 -78.26537 389.3772 -91.02704 -58.05586 302.0846 -91.02704 -58.05586 389.3772 -56.02312 -78.26537 302.0846 -67.6911 -98.47489 389.3772 -67.6911 -98.47489 302.0846 -56.02312 -78.26537 389.3772 -56.02312 -78.26537 389.3772 -56.02312 -78.26537 302.0846 -67.6911 -98.47489 389.3772 -67.6911 -98.47489 302.0846 -56.02312 -78.26537 302.0846 -56.02312 -78.26537 389.3772 -91.02704 -58.05586 389.3772 -67.6911 -58.05586 302.0846 -91.02704 -58.05586 302.0846 -67.6911 -58.05586 389.3772 -67.6911 -58.05586 389.3772 -91.02704 -58.05586 389.3772 -67.6911 -58.05586 302.0846 -91.02704 -58.05586 302.0846 -67.6911 -58.05586 302.0846 -67.6911 -58.05586 389.3772 -67.6911 -58.05586 302.0846 -56.02312 -78.26537 389.3772 -56.02312 -78.26537 302.0846 -67.6911 -58.05586 389.3772 -67.6911 -58.05586 389.3772 -67.6911 -58.05586 302.0846 -56.02312 -78.26537 389.3772 -56.02312 -78.26537 302.0846</float_array>
                    <technique_common>
                        <accessor count="60" source="#ID379" stride="3">
                            <param name="X" type="float" />
                            <param name="Y" type="float" />
                            <param name="Z" type="float" />
                        </accessor>
                    </technique_common>
                </source>
                <source id="ID376">
                    <float_array id="ID380" count="180">-0.8660254 -0.5 0 -0.8660254 -0.5 0 -0.8660254 -0.5 0 -0.8660254 -0.5 0 0.8660254 0.5 -0 0.8660254 0.5 -0 0.8660254 0.5 -0 0.8660254 0.5 -0 0 0 0 0 0 0 0 0 0 0 0 0 6.507615e-16 -1 0 6.507615e-16 -1 0 6.507615e-16 -1 0 6.507615e-16 -1 0 -6.507615e-16 1 -0 -6.507615e-16 1 -0 -6.507615e-16 1 -0 -6.507615e-16 1 -0 0 0 0 0 0 0 -0.8660254 0.5 0 -0.8660254 0.5 0 -0.8660254 0.5 0 -0.8660254 0.5 0 0.8660254 -0.5 -0 0.8660254 -0.5 -0 0.8660254 -0.5 -0 0.8660254 -0.5 -0 0 0 0 0 0 0 0.8660254 -0.5 0 0.8660254 -0.5 0 0.8660254 -0.5 0 0.8660254 -0.5 0 -0.8660254 0.5 -0 -0.8660254 0.5 -0 -0.8660254 0.5 -0 -0.8660254 0.5 -0 0 0 0 0 0 0 -1.084602e-16 1 0 -1.084602e-16 1 0 -1.084602e-16 1 0 -1.084602e-16 1 0 1.084602e-16 -1 -0 1.084602e-16 -1 -0 1.084602e-16 -1 -0 1.084602e-16 -1 -0 0 0 0 0 0 0 0.8660254 0.5 0 0.8660254 0.5 0 0.8660254 0.5 0 0.8660254 0.5 0 -0.8660254 -0.5 -0 -0.8660254 -0.5 -0 -0.8660254 -0.5 -0 -0.8660254 -0.5 -0</float_array>
                    <technique_common>
                        <accessor count="60" source="#ID380" stride="3">
                            <param name="X" type="float" />
                            <param name="Y" type="float" />
                            <param name="Z" type="float" />
                        </accessor>
                    </technique_common>
                </source>
                <source id="ID377">
                    <Name_array id="ID381" count="0" />
                    <technique_common>
                        <accessor count="0" source="#ID381" stride="1">
                            <param name="skp_material" type="Name" />
                        </accessor>
                    </technique_common>
                </source>
                <vertices id="ID378">
                    <input semantic="POSITION" source="#ID375" />
                    <input semantic="NORMAL" source="#ID376" />
                </vertices>
                <triangles count="24" material="Material2">
                    <input offset="0" semantic="VERTEX" source="#ID378" />
                    <p>0 1 2 1 0 3 4 5 6 7 6 5 12 13 14 13 12 15 16 17 18 19 18 17 22 23 24 23 22 25 26 27 28 29 28 27 32 33 34 33 32 35 36 37 38 39 38 37 42 43 44 43 42 45 46 47 48 49 48 47 52 53 54 53 52 55 56 57 58 59 58 57</p>
                </triangles>
                <lines count="18" material="Material3">
                    <input offset="0" semantic="VERTEX" source="#ID378" />
                    <p>8 9 8 10 10 11 9 11 20 8 20 21 21 10 9 30 11 31 30 31 40 20 40 41 41 21 30 50 31 51 50 51 50 40 51 41</p>
                </lines>
            </mesh>
        </geometry>
        <geometry id="ID382">
            <mesh>
                <source id="ID383">
                    <float_array id="ID390" count="246">-70.79083 -139.8824 421.799 -73.4063 -139.8824 426.3291 -87.32683 -139.8824 421.799 -62.52283 -139.8824 436.1196 -67.75378 -139.8824 436.1196 -70.79083 -139.8824 450.4402 -73.4063 -139.8824 445.91 -84.71135 -139.8824 445.91 -84.71135 -139.8824 426.3291 -95.59482 -139.8824 436.1196 -90.36388 -139.8824 436.1196 -87.32683 -139.8824 450.4402 -70.79083 -139.8824 450.4402 -84.71135 -139.8824 445.91 -87.32683 -139.8824 450.4402 -95.59482 -139.8824 436.1196 -90.36388 -139.8824 436.1196 -84.71135 -139.8824 426.3291 -73.4063 -139.8824 426.3291 -87.32683 -139.8824 421.799 -73.4063 -139.8824 445.91 -67.75378 -139.8824 436.1196 -62.52283 -139.8824 436.1196 -70.79083 -139.8824 421.799 -95.59482 -139.8824 436.1196 -87.32683 -139.8824 421.799 -70.79083 -139.8824 421.799 -62.52283 -139.8824 436.1196 -70.79083 -139.8824 450.4402 -87.32683 -139.8824 450.4402 -67.75378 -139.8824 436.1196 -73.4063 -139.8824 445.91 -73.4063 -139.8824 426.3291 -84.71135 -139.8824 426.3291 -90.36388 -139.8824 436.1196 -84.71135 -139.8824 445.91 -95.59482 -139.8824 436.1196 -87.32683 -78.81937 421.799 -87.32683 -139.8824 421.799 -95.59482 -78.81937 436.1196 -95.59482 -78.81937 436.1196 -95.59482 -139.8824 436.1196 -87.32683 -78.81937 421.799 -87.32683 -139.8824 421.799 -95.59482 -78.81937 436.1196 -87.32683 -78.81937 421.799 -70.79083 -78.81937 421.799 -62.52283 -139.8824 436.1196 -70.79083 -139.8824 421.799 -62.52283 -78.81937 436.1196 -62.52283 -78.81937 436.1196 -70.79083 -78.81937 421.799 -62.52283 -139.8824 436.1196 -70.79083 -139.8824 421.799 -70.79083 -78.81937 421.799 -62.52283 -78.81937 436.1196 -62.52283 -78.81937 436.1196 -70.79083 -139.8824 450.4402 -62.52283 -139.8824 436.1196 -70.79083 -78.81937 450.4402 -70.79083 -78.81937 450.4402 -62.52283 -78.81937 436.1196 -70.79083 -139.8824 450.4402 -62.52283 -139.8824 436.1196 -70.79083 -78.81937 450.4402 -70.79083 -139.8824 450.4402 -87.32683 -78.81937 450.4402 -87.32683 -139.8824 450.4402 -70.79083 -78.81937 450.4402 -70.79083 -78.81937 450.4402 -70.79083 -139.8824 450.4402 -87.32683 -78.81937 450.4402 -87.32683 -139.8824 450.4402 -87.32683 -78.81937 450.4402 -87.32683 -139.8824 450.4402 -95.59482 -78.81937 436.1196 -95.59482 -139.8824 436.1196 -87.32683 -78.81937 450.4402 -87.32683 -78.81937 450.4402 -87.32683 -139.8824 450.4402 -95.59482 -78.81937 436.1196 -95.59482 -139.8824 436.1196</float_array>
                    <technique_common>
                        <accessor count="82" source="#ID390" stride="3">
                            <param name="X" type="float" />
                            <param name="Y" type="float" />
                            <param name="Z" type="float" />
                        </accessor>
                    </technique_common>
                </source>
                <source id="ID384">
                    <float_array id="ID391" count="246">4.373093e-46 -1 5.194456e-14 4.373093e-46 -1 5.194456e-14 4.373093e-46 -1 5.194456e-14 4.373093e-46 -1 5.194456e-14 4.373093e-46 -1 5.194456e-14 4.373093e-46 -1 5.194456e-14 4.373093e-46 -1 5.194456e-14 4.373093e-46 -1 5.194456e-14 4.373093e-46 -1 5.194456e-14 4.373093e-46 -1 5.194456e-14 4.373093e-46 -1 5.194456e-14 4.373093e-46 -1 5.194456e-14 -4.373093e-46 1 -5.194456e-14 -4.373093e-46 1 -5.194456e-14 -4.373093e-46 1 -5.194456e-14 -4.373093e-46 1 -5.194456e-14 -4.373093e-46 1 -5.194456e-14 -4.373093e-46 1 -5.194456e-14 -4.373093e-46 1 -5.194456e-14 -4.373093e-46 1 -5.194456e-14 -4.373093e-46 1 -5.194456e-14 -4.373093e-46 1 -5.194456e-14 -4.373093e-46 1 -5.194456e-14 -4.373093e-46 1 -5.194456e-14 0 0 0 0 0 0 0 0 0 0 0 0 0 0 0 0 0 0 0 0 0 0 0 0 0 0 0 0 0 0 0 0 0 0 0 0 -0.8660254 -2.597228e-14 -0.5 -0.8660254 -2.597228e-14 -0.5 -0.8660254 -2.597228e-14 -0.5 -0.8660254 -2.597228e-14 -0.5 0.8660254 2.597228e-14 0.5 0.8660254 2.597228e-14 0.5 0.8660254 2.597228e-14 0.5 0.8660254 2.597228e-14 0.5 0 0 0 0 0 0 0.8660254 -2.597228e-14 -0.5 0.8660254 -2.597228e-14 -0.5 0.8660254 -2.597228e-14 -0.5 0.8660254 -2.597228e-14 -0.5 -0.8660254 2.597228e-14 0.5 -0.8660254 2.597228e-14 0.5 -0.8660254 2.597228e-14 0.5 -0.8660254 2.597228e-14 0.5 0 0 0 0 0 0 0.8660254 2.597228e-14 0.5 0.8660254 2.597228e-14 0.5 0.8660254 2.597228e-14 0.5 0.8660254 2.597228e-14 0.5 -0.8660254 -2.597228e-14 -0.5 -0.8660254 -2.597228e-14 -0.5 -0.8660254 -2.597228e-14 -0.5 -0.8660254 -2.597228e-14 -0.5 0 0 0 0 5.194456e-14 1 0 5.194456e-14 1 0 5.194456e-14 1 0 5.194456e-14 1 -0 -5.194456e-14 -1 -0 -5.194456e-14 -1 -0 -5.194456e-14 -1 -0 -5.194456e-14 -1 0 0 0 -0.8660254 2.597228e-14 0.5 -0.8660254 2.597228e-14 0.5 -0.8660254 2.597228e-14 0.5 -0.8660254 2.597228e-14 0.5 0.8660254 -2.597228e-14 -0.5 0.8660254 -2.597228e-14 -0.5 0.8660254 -2.597228e-14 -0.5 0.8660254 -2.597228e-14 -0.5</float_array>
                    <technique_common>
                        <accessor count="82" source="#ID391" stride="3">
                            <param name="X" type="float" />
                            <param name="Y" type="float" />
                            <param name="Z" type="float" />
                        </accessor>
                    </technique_common>
                </source>
                <source id="ID385">
                    <Name_array id="ID393" count="0" />
                    <technique_common>
                        <accessor count="0" source="#ID393" stride="1">
                            <param name="skp_material" type="Name" />
                        </accessor>
                    </technique_common>
                </source>
                <source id="ID387">
                    <float_array id="ID392" count="64">-1.310941 7.811092 -1.359376 7.894984 -1.617163 7.811092 -1.15783 8.076288 -1.2547 8.076288 -1.310941 8.341485 -1.359376 8.257593 -1.568729 8.257593 -1.568729 7.894984 -1.770275 8.076288 -1.673405 8.076288 -1.617163 8.341485 2.590414 7.879408 1.459618 7.573186 2.590414 7.573186 1.459618 7.879408 -1.459618 6.109134 -2.590414 6.415356 -2.590414 6.109134 -1.459618 6.415356 -1.459618 7.573186 -2.590414 7.879408 -2.590414 7.573186 -1.459618 7.879408 -1.310941 -2.590414 -1.617163 -1.459618 -1.617163 -2.590414 -1.310941 -1.459618 2.590414 6.415356 1.459618 6.109134 2.590414 6.109134 1.459618 6.415356</float_array>
                    <technique_common>
                        <accessor count="32" source="#ID392" stride="2">
                            <param name="S" type="float" />
                            <param name="T" type="float" />
                        </accessor>
                    </technique_common>
                </source>
                <vertices id="ID386">
                    <input semantic="POSITION" source="#ID383" />
                    <input semantic="NORMAL" source="#ID384" />
                </vertices>
                <triangles count="22" material="Material2">
                    <input offset="0" semantic="VERTEX" source="#ID386" />
                    <input offset="1" semantic="TEXCOORD" source="#ID387" />
                    <p>0 0 1 1 2 2 1 1 0 0 3 3 1 1 3 3 4 4 4 4 3 3 5 5 4 4 5 5 6 6 6 6 5 5 7 7 2 2 8 8 9 9 8 8 2 2 1 1 9 9 8 8 10 10 9 9 10 10 7 7 9 9 7 7 11 11 11 11 7 7 5 5 36 12 37 13 38 14 37 13 36 12 39 15 46 16 47 17 48 18 47 17 46 16 49 19 56 20 57 21 58 22 57 21 56 20 59 23 65 24 66 25 67 26 66 25 65 24 68 27 74 28 75 29 76 30 75 29 74 28 77 31</p>
                </triangles>
                <triangles count="22" material="Material3">
                    <input offset="0" semantic="VERTEX" source="#ID386" />
                    <p>12 13 14 14 13 15 13 16 15 16 17 15 18 19 17 15 17 19 13 12 20 20 12 21 12 22 21 21 22 18 22 23 18 19 18 23 40 41 42 43 42 41 50 51 52 53 52 51 60 61 62 63 62 61 69 70 71 72 71 70 78 79 80 81 80 79</p>
                </triangles>
                <lines count="23" material="Material4">
                    <input offset="0" semantic="VERTEX" source="#ID386" />
                    <p>24 25 25 26 26 27 27 28 28 29 29 24 30 31 32 30 33 32 34 33 35 34 31 35 44 45 45 25 44 24 54 55 55 27 54 26 55 64 64 28 64 73 73 29 73 44</p>
                </lines>
            </mesh>
        </geometry>
        <geometry id="ID394">
            <mesh>
                <source id="ID397">
                    <float_array id="ID401" count="84">-95.59482 -78.81937 436.1196 -70.79083 -78.81937 421.799 -87.32683 -78.81937 421.799 -62.52283 -78.81937 436.1196 -87.32683 -78.81937 450.4402 -70.79083 -78.81937 450.4402 -70.79083 -78.81937 450.4402 -87.32683 -78.81937 450.4402 -62.52283 -78.81937 436.1196 -95.59482 -78.81937 436.1196 -70.79083 -78.81937 421.799 -87.32683 -78.81937 421.799 -95.59482 -78.81937 436.1196 -87.32683 -78.81937 421.799 -87.32683 -78.81937 450.4402 -70.79083 -78.81937 450.4402 -62.52283 -78.81937 436.1196 -70.79083 -78.81937 421.799 -70.79083 -78.81937 421.799 -87.32683 -139.8824 421.799 -87.32683 -78.81937 421.799 -70.79083 -139.8824 421.799 -70.79083 -139.8824 421.799 -70.79083 -78.81937 421.799 -87.32683 -139.8824 421.799 -87.32683 -78.81937 421.799 -70.79083 -139.8824 421.799 -87.32683 -139.8824 421.799</float_array>
                    <technique_common>
                        <accessor count="28" source="#ID401" stride="3">
                            <param name="X" type="float" />
                            <param name="Y" type="float" />
                            <param name="Z" type="float" />
                        </accessor>
                    </technique_common>
                </source>
                <source id="ID398">
                    <float_array id="ID402" count="84">-4.373093e-46 1 -5.194456e-14 -4.373093e-46 1 -5.194456e-14 -4.373093e-46 1 -5.194456e-14 -4.373093e-46 1 -5.194456e-14 -4.373093e-46 1 -5.194456e-14 -4.373093e-46 1 -5.194456e-14 4.373093e-46 -1 5.194456e-14 4.373093e-46 -1 5.194456e-14 4.373093e-46 -1 5.194456e-14 4.373093e-46 -1 5.194456e-14 4.373093e-46 -1 5.194456e-14 4.373093e-46 -1 5.194456e-14 0 0 0 0 0 0 0 0 0 0 0 0 0 0 0 0 0 0 -8.593891e-16 -5.194456e-14 -1 -8.593891e-16 -5.194456e-14 -1 -8.593891e-16 -5.194456e-14 -1 -8.593891e-16 -5.194456e-14 -1 8.593891e-16 5.194456e-14 1 8.593891e-16 5.194456e-14 1 8.593891e-16 5.194456e-14 1 8.593891e-16 5.194456e-14 1 0 0 0 0 0 0</float_array>
                    <technique_common>
                        <accessor count="28" source="#ID402" stride="3">
                            <param name="X" type="float" />
                            <param name="Y" type="float" />
                            <param name="Z" type="float" />
                        </accessor>
                    </technique_common>
                </source>
                <source id="ID399">
                    <Name_array id="ID403" count="0" />
                    <technique_common>
                        <accessor count="0" source="#ID403" stride="1">
                            <param name="skp_material" type="Name" />
                        </accessor>
                    </technique_common>
                </source>
                <vertices id="ID400">
                    <input semantic="POSITION" source="#ID397" />
                    <input semantic="NORMAL" source="#ID398" />
                </vertices>
                <triangles count="6" material="Material3">
                    <input offset="0" semantic="VERTEX" source="#ID400" />
                    <p>0 1 2 1 0 3 3 0 4 3 4 5 18 19 20 19 18 21</p>
                </triangles>
                <triangles count="6" material="Material2">
                    <input offset="0" semantic="VERTEX" source="#ID400" />
                    <p>6 7 8 7 9 8 8 9 10 11 10 9 22 23 24 25 24 23</p>
                </triangles>
                <lines count="9" material="Material4">
                    <input offset="0" semantic="VERTEX" source="#ID400" />
                    <p>12 13 14 12 15 14 16 15 17 16 13 17 17 26 27 26 13 27</p>
                </lines>
            </mesh>
        </geometry>
        <geometry id="ID404">
            <mesh>
                <source id="ID405">
                    <float_array id="ID409" count="54">-67.75378 -73.58315 436.1196 -84.71135 -73.58315 426.3291 -73.4063 -73.58315 426.3291 -90.36388 -73.58315 436.1196 -73.4063 -73.58315 445.91 -84.71135 -73.58315 445.91 -84.71135 -73.58315 445.91 -73.4063 -73.58315 445.91 -90.36388 -73.58315 436.1196 -67.75378 -73.58315 436.1196 -84.71135 -73.58315 426.3291 -73.4063 -73.58315 426.3291 -67.75378 -73.58315 436.1196 -73.4063 -73.58315 445.91 -84.71135 -73.58315 445.91 -90.36388 -73.58315 436.1196 -84.71135 -73.58315 426.3291 -73.4063 -73.58315 426.3291</float_array>
                    <technique_common>
                        <accessor count="18" source="#ID409" stride="3">
                            <param name="X" type="float" />
                            <param name="Y" type="float" />
                            <param name="Z" type="float" />
                        </accessor>
                    </technique_common>
                </source>
                <source id="ID406">
                    <float_array id="ID410" count="54">4.05827e-31 -1 5.225401e-14 4.05827e-31 -1 5.225401e-14 4.05827e-31 -1 5.225401e-14 4.05827e-31 -1 5.225401e-14 4.05827e-31 -1 5.225401e-14 4.05827e-31 -1 5.225401e-14 -4.05827e-31 1 -5.225401e-14 -4.05827e-31 1 -5.225401e-14 -4.05827e-31 1 -5.225401e-14 -4.05827e-31 1 -5.225401e-14 -4.05827e-31 1 -5.225401e-14 -4.05827e-31 1 -5.225401e-14 0 0 0 0 0 0 0 0 0 0 0 0 0 0 0 0 0 0</float_array>
                    <technique_common>
                        <accessor count="18" source="#ID410" stride="3">
                            <param name="X" type="float" />
                            <param name="Y" type="float" />
                            <param name="Z" type="float" />
                        </accessor>
                    </technique_common>
                </source>
                <source id="ID407">
                    <Name_array id="ID411" count="0" />
                    <technique_common>
                        <accessor count="0" source="#ID411" stride="1">
                            <param name="skp_material" type="Name" />
                        </accessor>
                    </technique_common>
                </source>
                <vertices id="ID408">
                    <input semantic="POSITION" source="#ID405" />
                    <input semantic="NORMAL" source="#ID406" />
                </vertices>
                <triangles count="4" material="Material3">
                    <input offset="0" semantic="VERTEX" source="#ID408" />
                    <p>0 1 2 1 0 3 3 0 4 3 4 5</p>
                </triangles>
                <triangles count="4" material="Material2">
                    <input offset="0" semantic="VERTEX" source="#ID408" />
                    <p>6 7 8 7 9 8 8 9 10 11 10 9</p>
                </triangles>
                <lines count="6" material="Material4">
                    <input offset="0" semantic="VERTEX" source="#ID408" />
                    <p>12 13 13 14 14 15 15 16 16 17 17 12</p>
                </lines>
            </mesh>
        </geometry>
        <geometry id="ID412">
            <mesh>
                <source id="ID413">
                    <float_array id="ID418" count="180">-73.4063 -139.8824 445.91 -67.75378 -73.58315 436.1196 -67.75378 -139.8824 436.1196 -73.4063 -73.58315 445.91 -73.4063 -73.58315 445.91 -73.4063 -139.8824 445.91 -67.75378 -73.58315 436.1196 -67.75378 -139.8824 436.1196 -67.75378 -139.8824 436.1196 -73.4063 -139.8824 445.91 -73.4063 -73.58315 445.91 -67.75378 -73.58315 436.1196 -73.4063 -73.58315 445.91 -84.71135 -139.8824 445.91 -84.71135 -73.58315 445.91 -73.4063 -139.8824 445.91 -73.4063 -139.8824 445.91 -73.4063 -73.58315 445.91 -84.71135 -139.8824 445.91 -84.71135 -73.58315 445.91 -84.71135 -139.8824 445.91 -84.71135 -73.58315 445.91 -67.75378 -139.8824 436.1196 -73.4063 -73.58315 426.3291 -73.4063 -139.8824 426.3291 -67.75378 -73.58315 436.1196 -67.75378 -73.58315 436.1196 -67.75378 -139.8824 436.1196 -73.4063 -73.58315 426.3291 -73.4063 -139.8824 426.3291 -73.4063 -139.8824 426.3291 -73.4063 -73.58315 426.3291 -90.36388 -73.58315 436.1196 -84.71135 -139.8824 445.91 -90.36388 -139.8824 436.1196 -84.71135 -73.58315 445.91 -84.71135 -73.58315 445.91 -90.36388 -73.58315 436.1196 -84.71135 -139.8824 445.91 -90.36388 -139.8824 436.1196 -90.36388 -139.8824 436.1196 -90.36388 -73.58315 436.1196 -73.4063 -139.8824 426.3291 -84.71135 -73.58315 426.3291 -84.71135 -139.8824 426.3291 -73.4063 -73.58315 426.3291 -73.4063 -73.58315 426.3291 -73.4063 -139.8824 426.3291 -84.71135 -73.58315 426.3291 -84.71135 -139.8824 426.3291 -84.71135 -139.8824 426.3291 -84.71135 -73.58315 426.3291 -84.71135 -73.58315 426.3291 -90.36388 -139.8824 436.1196 -84.71135 -139.8824 426.3291 -90.36388 -73.58315 436.1196 -90.36388 -73.58315 436.1196 -84.71135 -73.58315 426.3291 -90.36388 -139.8824 436.1196 -84.71135 -139.8824 426.3291</float_array>
                    <technique_common>
                        <accessor count="60" source="#ID418" stride="3">
                            <param name="X" type="float" />
                            <param name="Y" type="float" />
                            <param name="Z" type="float" />
                        </accessor>
                    </technique_common>
                </source>
                <source id="ID414">
                    <float_array id="ID419" count="180">-0.8660254 -2.6127e-14 -0.5 -0.8660254 -2.6127e-14 -0.5 -0.8660254 -2.6127e-14 -0.5 -0.8660254 -2.6127e-14 -0.5 0.8660254 2.6127e-14 0.5 0.8660254 2.6127e-14 0.5 0.8660254 2.6127e-14 0.5 0.8660254 2.6127e-14 0.5 0 0 0 0 0 0 0 0 0 0 0 0 -0 -5.225401e-14 -1 -0 -5.225401e-14 -1 -0 -5.225401e-14 -1 -0 -5.225401e-14 -1 0 5.225401e-14 1 0 5.225401e-14 1 0 5.225401e-14 1 0 5.225401e-14 1 0 0 0 0 0 0 -0.8660254 2.6127e-14 0.5 -0.8660254 2.6127e-14 0.5 -0.8660254 2.6127e-14 0.5 -0.8660254 2.6127e-14 0.5 0.8660254 -2.6127e-14 -0.5 0.8660254 -2.6127e-14 -0.5 0.8660254 -2.6127e-14 -0.5 0.8660254 -2.6127e-14 -0.5 0 0 0 0 0 0 0.8660254 -2.6127e-14 -0.5 0.8660254 -2.6127e-14 -0.5 0.8660254 -2.6127e-14 -0.5 0.8660254 -2.6127e-14 -0.5 -0.8660254 2.6127e-14 0.5 -0.8660254 2.6127e-14 0.5 -0.8660254 2.6127e-14 0.5 -0.8660254 2.6127e-14 0.5 0 0 0 0 0 0 -0 5.225401e-14 1 -0 5.225401e-14 1 -0 5.225401e-14 1 -0 5.225401e-14 1 0 -5.225401e-14 -1 0 -5.225401e-14 -1 0 -5.225401e-14 -1 0 -5.225401e-14 -1 0 0 0 0 0 0 0.8660254 2.6127e-14 0.5 0.8660254 2.6127e-14 0.5 0.8660254 2.6127e-14 0.5 0.8660254 2.6127e-14 0.5 -0.8660254 -2.6127e-14 -0.5 -0.8660254 -2.6127e-14 -0.5 -0.8660254 -2.6127e-14 -0.5 -0.8660254 -2.6127e-14 -0.5</float_array>
                    <technique_common>
                        <accessor count="60" source="#ID419" stride="3">
                            <param name="X" type="float" />
                            <param name="Y" type="float" />
                            <param name="Z" type="float" />
                        </accessor>
                    </technique_common>
                </source>
                <source id="ID415">
                    <Name_array id="ID421" count="0" />
                    <technique_common>
                        <accessor count="0" source="#ID421" stride="1">
                            <param name="skp_material" type="Name" />
                        </accessor>
                    </technique_common>
                </source>
                <source id="ID417">
                    <float_array id="ID420" count="48">2.590414 7.830974 1.362651 7.621621 2.590414 7.621621 1.362651 7.830974 1.359376 -1.362651 1.568729 -2.590414 1.568729 -1.362651 1.359376 -2.590414 2.590414 6.366921 1.362651 6.157568 2.590414 6.157568 1.362651 6.366921 -1.362651 6.157568 -2.590414 6.366921 -2.590414 6.157568 -1.362651 6.366921 -1.359376 -2.590414 -1.568729 -1.362651 -1.568729 -2.590414 -1.359376 -1.362651 -1.362651 7.621621 -2.590414 7.830974 -2.590414 7.621621 -1.362651 7.830974</float_array>
                    <technique_common>
                        <accessor count="24" source="#ID420" stride="2">
                            <param name="S" type="float" />
                            <param name="T" type="float" />
                        </accessor>
                    </technique_common>
                </source>
                <vertices id="ID416">
                    <input semantic="POSITION" source="#ID413" />
                    <input semantic="NORMAL" source="#ID414" />
                </vertices>
                <triangles count="12" material="Material2">
                    <input offset="0" semantic="VERTEX" source="#ID416" />
                    <input offset="1" semantic="TEXCOORD" source="#ID417" />
                    <p>0 0 1 1 2 2 1 1 0 0 3 3 12 4 13 5 14 6 13 5 12 4 15 7 22 8 23 9 24 10 23 9 22 8 25 11 32 12 33 13 34 14 33 13 32 12 35 15 42 16 43 17 44 18 43 17 42 16 45 19 52 20 53 21 54 22 53 21 52 20 55 23</p>
                </triangles>
                <triangles count="12" material="Material3">
                    <input offset="0" semantic="VERTEX" source="#ID416" />
                    <p>4 5 6 7 6 5 16 17 18 19 18 17 26 27 28 29 28 27 36 37 38 39 38 37 46 47 48 49 48 47 56 57 58 59 58 57</p>
                </triangles>
                <lines count="17" material="Material5">
                    <input offset="0" semantic="VERTEX" source="#ID416" />
                    <p>8 9 9 10 11 10 8 11 9 20 20 21 10 21 30 8 31 11 20 40 40 41 21 41 50 30 51 31 50 51 40 50 41 51</p>
                </lines>
                <lines count="1" material="Material4">
                    <input offset="0" semantic="VERTEX" source="#ID416" />
                    <p>30 31</p>
                </lines>
            </mesh>
        </geometry>
        <geometry id="ID422">
            <mesh>
                <source id="ID423">
                    <float_array id="ID425" count="21">-90.36202 -99.55625 302.6361 -67.02608 -99.55625 302.6361 -102.03 -79.34673 302.6361 -90.36202 -59.13721 302.6361 -67.02608 -59.13721 302.6361 -55.35811 -79.34673 302.6361 -67.02608 -99.55625 363.8657</float_array>
                    <technique_common>
                        <accessor count="7" source="#ID425" stride="3">
                            <param name="X" type="float" />
                            <param name="Y" type="float" />
                            <param name="Z" type="float" />
                        </accessor>
                    </technique_common>
                </source>
                <vertices id="ID424">
                    <input semantic="POSITION" source="#ID423" />
                </vertices>
                <lines count="7" material="Material2">
                    <input offset="0" semantic="VERTEX" source="#ID424" />
                    <p>1 0 0 2 2 3 3 4 4 5 5 1 1 6</p>
                </lines>
            </mesh>
        </geometry>
        <geometry id="ID426">
            <mesh>
                <source id="ID427">
                    <float_array id="ID429" count="18">-92.15709 -102.6654 302.6361 -65.23101 -102.6654 302.6361 -105.6201 -79.34673 302.6361 -92.15709 -56.02806 302.6361 -65.23101 -56.02806 302.6361 -51.76797 -79.34673 302.6361</float_array>
                    <technique_common>
                        <accessor count="6" source="#ID429" stride="3">
                            <param name="X" type="float" />
                            <param name="Y" type="float" />
                            <param name="Z" type="float" />
                        </accessor>
                    </technique_common>
                </source>
                <vertices id="ID428">
                    <input semantic="POSITION" source="#ID427" />
                </vertices>
                <lines count="6" material="Material2">
                    <input offset="0" semantic="VERTEX" source="#ID428" />
                    <p>1 0 0 2 2 3 3 4 4 5 5 1</p>
                </lines>
            </mesh>
        </geometry>
        <geometry id="ID430">
            <mesh>
                <source id="ID431">
                    <float_array id="ID433" count="24">-78.99145 -133.1863 346.8972 -126.4061 -105.8115 346.8972 -31.57681 -105.8115 346.8972 -31.57681 -51.06177 346.8972 -78.27687 -24.09949 346.8972 -78.99145 -23.68692 346.8972 -126.4061 -51.06177 346.8972 -126.4061 -105.8115 345.9523</float_array>
                    <technique_common>
                        <accessor count="8" source="#ID433" stride="3">
                            <param name="X" type="float" />
                            <param name="Y" type="float" />
                            <param name="Z" type="float" />
                        </accessor>
                    </technique_common>
                </source>
                <vertices id="ID432">
                    <input semantic="POSITION" source="#ID431" />
                </vertices>
                <lines count="8" material="Material2">
                    <input offset="0" semantic="VERTEX" source="#ID432" />
                    <p>1 0 0 2 2 3 3 4 4 5 5 6 6 1 7 1</p>
                </lines>
            </mesh>
        </geometry>
        <geometry id="ID434">
            <mesh>
                <source id="ID435">
                    <float_array id="ID437" count="21">-65.52841 -101.7553 346.8972 -52.06537 -78.43663 346.8972 -92.4545 -101.7553 346.8972 -105.9175 -78.43663 346.8972 -92.4545 -55.11795 346.8972 -65.52841 -55.11795 346.8972 -52.06537 -78.43663 345.9523</float_array>
                    <technique_common>
                        <accessor count="7" source="#ID437" stride="3">
                            <param name="X" type="float" />
                            <param name="Y" type="float" />
                            <param name="Z" type="float" />
                        </accessor>
                    </technique_common>
                </source>
                <vertices id="ID436">
                    <input semantic="POSITION" source="#ID435" />
                </vertices>
                <lines count="7" material="Material2">
                    <input offset="0" semantic="VERTEX" source="#ID436" />
                    <p>1 0 0 2 2 3 3 4 4 5 5 1 6 1</p>
                </lines>
            </mesh>
        </geometry>
        <geometry id="ID438">
            <mesh>
                <source id="ID439">
                    <float_array id="ID441" count="24">-126.4061 -105.8115 345.9523 -126.4061 -51.06177 345.9523 -78.99145 -133.1863 345.9523 -31.57681 -105.8115 345.9523 -31.57681 -51.06177 345.9523 -78.27687 -24.09949 345.9523 -78.99145 -23.68692 345.9523 -126.4061 -51.06177 346.8972</float_array>
                    <technique_common>
                        <accessor count="8" source="#ID441" stride="3">
                            <param name="X" type="float" />
                            <param name="Y" type="float" />
                            <param name="Z" type="float" />
                        </accessor>
                    </technique_common>
                </source>
                <vertices id="ID440">
                    <input semantic="POSITION" source="#ID439" />
                </vertices>
                <lines count="8" material="Material2">
                    <input offset="0" semantic="VERTEX" source="#ID440" />
                    <p>1 0 0 2 2 3 3 4 4 5 5 6 6 1 1 7</p>
                </lines>
            </mesh>
        </geometry>
        <geometry id="ID442">
            <mesh>
                <source id="ID443">
                    <float_array id="ID445" count="21">-31.27941 -106.7216 303.6991 -78.69405 -134.0964 303.6991 -31.27941 -51.97188 303.6991 -78.69405 -24.59702 303.6991 -126.1087 -51.97188 303.6991 -126.1087 -106.7216 303.6991 -78.69405 -134.0964 302.6361</float_array>
                    <technique_common>
                        <accessor count="7" source="#ID445" stride="3">
                            <param name="X" type="float" />
                            <param name="Y" type="float" />
                            <param name="Z" type="float" />
                        </accessor>
                    </technique_common>
                </source>
                <vertices id="ID444">
                    <input semantic="POSITION" source="#ID443" />
                </vertices>
                <lines count="7" material="Material2">
                    <input offset="0" semantic="VERTEX" source="#ID444" />
                    <p>1 0 0 2 2 3 3 4 4 5 5 1 6 1</p>
                </lines>
            </mesh>
        </geometry>
        <geometry id="ID446">
            <mesh>
                <source id="ID447">
                    <float_array id="ID449" count="21">-31.27941 -51.97188 302.6361 -31.27941 -106.7216 302.6361 -78.69405 -24.59702 302.6361 -126.1087 -51.97188 302.6361 -126.1087 -106.7216 302.6361 -78.69405 -134.0964 302.6361 -31.27941 -106.7216 303.6991</float_array>
                    <technique_common>
                        <accessor count="7" source="#ID449" stride="3">
                            <param name="X" type="float" />
                            <param name="Y" type="float" />
                            <param name="Z" type="float" />
                        </accessor>
                    </technique_common>
                </source>
                <vertices id="ID448">
                    <input semantic="POSITION" source="#ID447" />
                </vertices>
                <lines count="7" material="Material2">
                    <input offset="0" semantic="VERTEX" source="#ID448" />
                    <p>1 0 0 2 2 3 3 4 4 5 5 1 1 6</p>
                </lines>
            </mesh>
        </geometry>
        <geometry id="ID450">
            <mesh>
                <source id="ID451">
                    <float_array id="ID453" count="21">-65.52841 -55.11795 345.9523 -92.4545 -55.11795 345.9523 -52.06537 -78.43663 345.9523 -65.52841 -101.7553 345.9523 -92.4545 -101.7553 345.9523 -105.9175 -78.43663 345.9523 -92.4545 -55.11795 346.8972</float_array>
                    <technique_common>
                        <accessor count="7" source="#ID453" stride="3">
                            <param name="X" type="float" />
                            <param name="Y" type="float" />
                            <param name="Z" type="float" />
                        </accessor>
                    </technique_common>
                </source>
                <vertices id="ID452">
                    <input semantic="POSITION" source="#ID451" />
                </vertices>
                <lines count="7" material="Material2">
                    <input offset="0" semantic="VERTEX" source="#ID452" />
                    <p>1 0 0 2 2 3 3 4 4 5 5 1 1 6</p>
                </lines>
            </mesh>
        </geometry>
        <geometry id="ID454">
            <mesh>
                <source id="ID455">
                    <float_array id="ID457" count="21">-51.76797 -79.34673 303.6991 -65.23101 -56.02806 303.6991 -65.23101 -102.6654 303.6991 -92.15709 -102.6654 303.6991 -105.6201 -79.34673 303.6991 -92.15709 -56.02806 303.6991 -65.23101 -56.02806 363.8657</float_array>
                    <technique_common>
                        <accessor count="7" source="#ID457" stride="3">
                            <param name="X" type="float" />
                            <param name="Y" type="float" />
                            <param name="Z" type="float" />
                        </accessor>
                    </technique_common>
                </source>
                <vertices id="ID456">
                    <input semantic="POSITION" source="#ID455" />
                </vertices>
                <lines count="7" material="Material2">
                    <input offset="0" semantic="VERTEX" source="#ID456" />
                    <p>1 0 0 2 2 3 3 4 4 5 5 1 1 6</p>
                </lines>
            </mesh>
        </geometry>
        <geometry id="ID458">
            <mesh>
                <source id="ID459">
                    <float_array id="ID461" count="21">-102.03 -79.34673 363.8657 -90.36202 -99.55625 363.8657 -90.36202 -59.13721 363.8657 -67.02608 -59.13721 363.8657 -55.35811 -79.34673 363.8657 -67.02608 -99.55625 363.8657 -90.36202 -99.55625 302.6361</float_array>
                    <technique_common>
                        <accessor count="7" source="#ID461" stride="3">
                            <param name="X" type="float" />
                            <param name="Y" type="float" />
                            <param name="Z" type="float" />
                        </accessor>
                    </technique_common>
                </source>
                <vertices id="ID460">
                    <input semantic="POSITION" source="#ID459" />
                </vertices>
                <lines count="7" material="Material2">
                    <input offset="0" semantic="VERTEX" source="#ID460" />
                    <p>1 0 0 2 2 3 3 4 4 5 5 1 6 1</p>
                </lines>
            </mesh>
        </geometry>
        <geometry id="ID462">
            <mesh>
                <source id="ID463">
                    <float_array id="ID465" count="6">-64.71504 -52.73477 242.4216 -64.71504 -52.73477 241.3586</float_array>
                    <technique_common>
                        <accessor count="2" source="#ID465" stride="3">
                            <param name="X" type="float" />
                            <param name="Y" type="float" />
                            <param name="Z" type="float" />
                        </accessor>
                    </technique_common>
                </source>
                <vertices id="ID464">
                    <input semantic="POSITION" source="#ID463" />
                </vertices>
                <lines count="1" material="Material2">
                    <input offset="0" semantic="VERTEX" source="#ID464" />
                    <p>1 0</p>
                </lines>
            </mesh>
        </geometry>
        <geometry id="ID466">
            <mesh>
                <source id="ID467">
                    <float_array id="ID469" count="6">-91.64112 -52.73477 242.4216 -91.64112 -52.73477 241.3586</float_array>
                    <technique_common>
                        <accessor count="2" source="#ID469" stride="3">
                            <param name="X" type="float" />
                            <param name="Y" type="float" />
                            <param name="Z" type="float" />
                        </accessor>
                    </technique_common>
                </source>
                <vertices id="ID468">
                    <input semantic="POSITION" source="#ID467" />
                </vertices>
                <lines count="1" material="Material2">
                    <input offset="0" semantic="VERTEX" source="#ID468" />
                    <p>1 0</p>
                </lines>
            </mesh>
        </geometry>
        <geometry id="ID470">
            <mesh>
                <source id="ID471">
                    <float_array id="ID473" count="6">-92.4545 -101.7553 346.8972 -92.4545 -101.7553 345.9523</float_array>
                    <technique_common>
                        <accessor count="2" source="#ID473" stride="3">
                            <param name="X" type="float" />
                            <param name="Y" type="float" />
                            <param name="Z" type="float" />
                        </accessor>
                    </technique_common>
                </source>
                <vertices id="ID472">
                    <input semantic="POSITION" source="#ID471" />
                </vertices>
                <lines count="1" material="Material2">
                    <input offset="0" semantic="VERTEX" source="#ID472" />
                    <p>1 0</p>
                </lines>
            </mesh>
        </geometry>
        <geometry id="ID474">
            <mesh>
                <source id="ID475">
                    <float_array id="ID477" count="6">-78.99145 -133.1863 346.8972 -78.99145 -133.1863 345.9523</float_array>
                    <technique_common>
                        <accessor count="2" source="#ID477" stride="3">
                            <param name="X" type="float" />
                            <param name="Y" type="float" />
                            <param name="Z" type="float" />
                        </accessor>
                    </technique_common>
                </source>
                <vertices id="ID476">
                    <input semantic="POSITION" source="#ID475" />
                </vertices>
                <lines count="1" material="Material2">
                    <input offset="0" semantic="VERTEX" source="#ID476" />
                    <p>1 0</p>
                </lines>
            </mesh>
        </geometry>
        <geometry id="ID478">
            <mesh>
                <source id="ID479">
                    <float_array id="ID481" count="6">-67.02608 -59.13721 363.8657 -67.02608 -59.13721 302.6361</float_array>
                    <technique_common>
                        <accessor count="2" source="#ID481" stride="3">
                            <param name="X" type="float" />
                            <param name="Y" type="float" />
                            <param name="Z" type="float" />
                        </accessor>
                    </technique_common>
                </source>
                <vertices id="ID480">
                    <input semantic="POSITION" source="#ID479" />
                </vertices>
                <lines count="1" material="Material2">
                    <input offset="0" semantic="VERTEX" source="#ID480" />
                    <p>1 0</p>
                </lines>
            </mesh>
        </geometry>
        <geometry id="ID482">
            <mesh>
                <source id="ID483">
                    <float_array id="ID485" count="6">-92.15709 -102.6654 363.8657 -92.15709 -102.6654 303.6991</float_array>
                    <technique_common>
                        <accessor count="2" source="#ID485" stride="3">
                            <param name="X" type="float" />
                            <param name="Y" type="float" />
                            <param name="Z" type="float" />
                        </accessor>
                    </technique_common>
                </source>
                <vertices id="ID484">
                    <input semantic="POSITION" source="#ID483" />
                </vertices>
                <lines count="1" material="Material2">
                    <input offset="0" semantic="VERTEX" source="#ID484" />
                    <p>1 0</p>
                </lines>
            </mesh>
        </geometry>
        <geometry id="ID486">
            <mesh>
                <source id="ID487">
                    <float_array id="ID489" count="6">-65.52841 -55.11795 346.8972 -65.52841 -55.11795 345.9523</float_array>
                    <technique_common>
                        <accessor count="2" source="#ID489" stride="3">
                            <param name="X" type="float" />
                            <param name="Y" type="float" />
                            <param name="Z" type="float" />
                        </accessor>
                    </technique_common>
                </source>
                <vertices id="ID488">
                    <input semantic="POSITION" source="#ID487" />
                </vertices>
                <lines count="1" material="Material2">
                    <input offset="0" semantic="VERTEX" source="#ID488" />
                    <p>1 0</p>
                </lines>
            </mesh>
        </geometry>
        <geometry id="ID490">
            <mesh>
                <source id="ID491">
                    <float_array id="ID493" count="6">-102.03 -79.34673 363.8657 -102.03 -79.34673 302.6361</float_array>
                    <technique_common>
                        <accessor count="2" source="#ID493" stride="3">
                            <param name="X" type="float" />
                            <param name="Y" type="float" />
                            <param name="Z" type="float" />
                        </accessor>
                    </technique_common>
                </source>
                <vertices id="ID492">
                    <input semantic="POSITION" source="#ID491" />
                </vertices>
                <lines count="1" material="Material2">
                    <input offset="0" semantic="VERTEX" source="#ID492" />
                    <p>1 0</p>
                </lines>
            </mesh>
        </geometry>
        <geometry id="ID494">
            <mesh>
                <source id="ID495">
                    <float_array id="ID497" count="6">-105.1042 -76.05345 242.4216 -105.1042 -76.05345 241.3586</float_array>
                    <technique_common>
                        <accessor count="2" source="#ID497" stride="3">
                            <param name="X" type="float" />
                            <param name="Y" type="float" />
                            <param name="Z" type="float" />
                        </accessor>
                    </technique_common>
                </source>
                <vertices id="ID496">
                    <input semantic="POSITION" source="#ID495" />
                </vertices>
                <lines count="1" material="Material2">
                    <input offset="0" semantic="VERTEX" source="#ID496" />
                    <p>1 0</p>
                </lines>
            </mesh>
        </geometry>
        <geometry id="ID498">
            <mesh>
                <source id="ID499">
                    <float_array id="ID501" count="6">-78.27687 -24.09949 346.8972 -78.27687 -24.09949 345.9523</float_array>
                    <technique_common>
                        <accessor count="2" source="#ID501" stride="3">
                            <param name="X" type="float" />
                            <param name="Y" type="float" />
                            <param name="Z" type="float" />
                        </accessor>
                    </technique_common>
                </source>
                <vertices id="ID500">
                    <input semantic="POSITION" source="#ID499" />
                </vertices>
                <lines count="1" material="Material2">
                    <input offset="0" semantic="VERTEX" source="#ID500" />
                    <p>1 0</p>
                </lines>
            </mesh>
        </geometry>
        <geometry id="ID502">
            <mesh>
                <source id="ID503">
                    <float_array id="ID505" count="6">-31.27941 -51.97188 303.6991 -31.27941 -51.97188 302.6361</float_array>
                    <technique_common>
                        <accessor count="2" source="#ID505" stride="3">
                            <param name="X" type="float" />
                            <param name="Y" type="float" />
                            <param name="Z" type="float" />
                        </accessor>
                    </technique_common>
                </source>
                <vertices id="ID504">
                    <input semantic="POSITION" source="#ID503" />
                </vertices>
                <lines count="1" material="Material2">
                    <input offset="0" semantic="VERTEX" source="#ID504" />
                    <p>1 0</p>
                </lines>
            </mesh>
        </geometry>
        <geometry id="ID506">
            <mesh>
                <source id="ID507">
                    <float_array id="ID509" count="6">-78.69405 -24.59702 303.6991 -78.69405 -24.59702 302.6361</float_array>
                    <technique_common>
                        <accessor count="2" source="#ID509" stride="3">
                            <param name="X" type="float" />
                            <param name="Y" type="float" />
                            <param name="Z" type="float" />
                        </accessor>
                    </technique_common>
                </source>
                <vertices id="ID508">
                    <input semantic="POSITION" source="#ID507" />
                </vertices>
                <lines count="1" material="Material2">
                    <input offset="0" semantic="VERTEX" source="#ID508" />
                    <p>1 0</p>
                </lines>
            </mesh>
        </geometry>
        <geometry id="ID510">
            <mesh>
                <source id="ID511">
                    <float_array id="ID513" count="6">-31.57681 -51.06177 346.8972 -31.57681 -51.06177 345.9523</float_array>
                    <technique_common>
                        <accessor count="2" source="#ID513" stride="3">
                            <param name="X" type="float" />
                            <param name="Y" type="float" />
                            <param name="Z" type="float" />
                        </accessor>
                    </technique_common>
                </source>
                <vertices id="ID512">
                    <input semantic="POSITION" source="#ID511" />
                </vertices>
                <lines count="1" material="Material2">
                    <input offset="0" semantic="VERTEX" source="#ID512" />
                    <p>1 0</p>
                </lines>
            </mesh>
        </geometry>
        <geometry id="ID514">
            <mesh>
                <source id="ID515">
                    <float_array id="ID517" count="6">-126.1087 -51.97188 303.6991 -126.1087 -51.97188 302.6361</float_array>
                    <technique_common>
                        <accessor count="2" source="#ID517" stride="3">
                            <param name="X" type="float" />
                            <param name="Y" type="float" />
                            <param name="Z" type="float" />
                        </accessor>
                    </technique_common>
                </source>
                <vertices id="ID516">
                    <input semantic="POSITION" source="#ID515" />
                </vertices>
                <lines count="1" material="Material2">
                    <input offset="0" semantic="VERTEX" source="#ID516" />
                    <p>1 0</p>
                </lines>
            </mesh>
        </geometry>
        <geometry id="ID518">
            <mesh>
                <source id="ID519">
                    <float_array id="ID521" count="6">-31.57681 -105.8115 346.8972 -31.57681 -105.8115 345.9523</float_array>
                    <technique_common>
                        <accessor count="2" source="#ID521" stride="3">
                            <param name="X" type="float" />
                            <param name="Y" type="float" />
                            <param name="Z" type="float" />
                        </accessor>
                    </technique_common>
                </source>
                <vertices id="ID520">
                    <input semantic="POSITION" source="#ID519" />
                </vertices>
                <lines count="1" material="Material2">
                    <input offset="0" semantic="VERTEX" source="#ID520" />
                    <p>1 0</p>
                </lines>
            </mesh>
        </geometry>
        <geometry id="ID522">
            <mesh>
                <source id="ID523">
                    <float_array id="ID525" count="6">-90.36202 -59.13721 363.8657 -90.36202 -59.13721 302.6361</float_array>
                    <technique_common>
                        <accessor count="2" source="#ID525" stride="3">
                            <param name="X" type="float" />
                            <param name="Y" type="float" />
                            <param name="Z" type="float" />
                        </accessor>
                    </technique_common>
                </source>
                <vertices id="ID524">
                    <input semantic="POSITION" source="#ID523" />
                </vertices>
                <lines count="1" material="Material2">
                    <input offset="0" semantic="VERTEX" source="#ID524" />
                    <p>1 0</p>
                </lines>
            </mesh>
        </geometry>
        <geometry id="ID526">
            <mesh>
                <source id="ID527">
                    <float_array id="ID529" count="6">-78.99145 -23.68692 346.8972 -78.99145 -23.68692 345.9523</float_array>
                    <technique_common>
                        <accessor count="2" source="#ID529" stride="3">
                            <param name="X" type="float" />
                            <param name="Y" type="float" />
                            <param name="Z" type="float" />
                        </accessor>
                    </technique_common>
                </source>
                <vertices id="ID528">
                    <input semantic="POSITION" source="#ID527" />
                </vertices>
                <lines count="1" material="Material2">
                    <input offset="0" semantic="VERTEX" source="#ID528" />
                    <p>1 0</p>
                </lines>
            </mesh>
        </geometry>
        <geometry id="ID530">
            <mesh>
                <source id="ID531">
                    <float_array id="ID533" count="6">-65.52841 -101.7553 346.8972 -65.52841 -101.7553 345.9523</float_array>
                    <technique_common>
                        <accessor count="2" source="#ID533" stride="3">
                            <param name="X" type="float" />
                            <param name="Y" type="float" />
                            <param name="Z" type="float" />
                        </accessor>
                    </technique_common>
                </source>
                <vertices id="ID532">
                    <input semantic="POSITION" source="#ID531" />
                </vertices>
                <lines count="1" material="Material2">
                    <input offset="0" semantic="VERTEX" source="#ID532" />
                    <p>1 0</p>
                </lines>
            </mesh>
        </geometry>
        <geometry id="ID534">
            <mesh>
                <source id="ID535">
                    <float_array id="ID537" count="6">-91.64112 -99.37212 242.4216 -91.64112 -99.37212 241.3586</float_array>
                    <technique_common>
                        <accessor count="2" source="#ID537" stride="3">
                            <param name="X" type="float" />
                            <param name="Y" type="float" />
                            <param name="Z" type="float" />
                        </accessor>
                    </technique_common>
                </source>
                <vertices id="ID536">
                    <input semantic="POSITION" source="#ID535" />
                </vertices>
                <lines count="1" material="Material2">
                    <input offset="0" semantic="VERTEX" source="#ID536" />
                    <p>1 0</p>
                </lines>
            </mesh>
        </geometry>
        <geometry id="ID538">
            <mesh>
                <source id="ID539">
                    <float_array id="ID541" count="6">-126.1087 -106.7216 303.6991 -126.1087 -106.7216 302.6361</float_array>
                    <technique_common>
                        <accessor count="2" source="#ID541" stride="3">
                            <param name="X" type="float" />
                            <param name="Y" type="float" />
                            <param name="Z" type="float" />
                        </accessor>
                    </technique_common>
                </source>
                <vertices id="ID540">
                    <input semantic="POSITION" source="#ID539" />
                </vertices>
                <lines count="1" material="Material2">
                    <input offset="0" semantic="VERTEX" source="#ID540" />
                    <p>1 0</p>
                </lines>
            </mesh>
        </geometry>
        <geometry id="ID542">
            <mesh>
                <source id="ID543">
                    <float_array id="ID545" count="6">-65.23101 -102.6654 363.8657 -65.23101 -102.6654 303.6991</float_array>
                    <technique_common>
                        <accessor count="2" source="#ID545" stride="3">
                            <param name="X" type="float" />
                            <param name="Y" type="float" />
                            <param name="Z" type="float" />
                        </accessor>
                    </technique_common>
                </source>
                <vertices id="ID544">
                    <input semantic="POSITION" source="#ID543" />
                </vertices>
                <lines count="1" material="Material2">
                    <input offset="0" semantic="VERTEX" source="#ID544" />
                    <p>1 0</p>
                </lines>
            </mesh>
        </geometry>
        <geometry id="ID546">
            <mesh>
                <source id="ID547">
                    <float_array id="ID549" count="6">-105.9175 -78.43663 346.8972 -105.9175 -78.43663 345.9523</float_array>
                    <technique_common>
                        <accessor count="2" source="#ID549" stride="3">
                            <param name="X" type="float" />
                            <param name="Y" type="float" />
                            <param name="Z" type="float" />
                        </accessor>
                    </technique_common>
                </source>
                <vertices id="ID548">
                    <input semantic="POSITION" source="#ID547" />
                </vertices>
                <lines count="1" material="Material2">
                    <input offset="0" semantic="VERTEX" source="#ID548" />
                    <p>1 0</p>
                </lines>
            </mesh>
        </geometry>
        <geometry id="ID550">
            <mesh>
                <source id="ID551">
                    <float_array id="ID553" count="6">-51.25199 -76.05345 242.4216 -51.25199 -76.05345 241.3586</float_array>
                    <technique_common>
                        <accessor count="2" source="#ID553" stride="3">
                            <param name="X" type="float" />
                            <param name="Y" type="float" />
                            <param name="Z" type="float" />
                        </accessor>
                    </technique_common>
                </source>
                <vertices id="ID552">
                    <input semantic="POSITION" source="#ID551" />
                </vertices>
                <lines count="1" material="Material2">
                    <input offset="0" semantic="VERTEX" source="#ID552" />
                    <p>1 0</p>
                </lines>
            </mesh>
        </geometry>
        <geometry id="ID554">
            <mesh>
                <source id="ID555">
                    <float_array id="ID557" count="6">-55.35811 -79.34673 363.8657 -55.35811 -79.34673 302.6361</float_array>
                    <technique_common>
                        <accessor count="2" source="#ID557" stride="3">
                            <param name="X" type="float" />
                            <param name="Y" type="float" />
                            <param name="Z" type="float" />
                        </accessor>
                    </technique_common>
                </source>
                <vertices id="ID556">
                    <input semantic="POSITION" source="#ID555" />
                </vertices>
                <lines count="1" material="Material2">
                    <input offset="0" semantic="VERTEX" source="#ID556" />
                    <p>1 0</p>
                </lines>
            </mesh>
        </geometry>
        <geometry id="ID558">
            <mesh>
                <source id="ID559">
                    <float_array id="ID561" count="6">-64.71504 -99.37212 242.4216 -64.71504 -99.37212 241.3586</float_array>
                    <technique_common>
                        <accessor count="2" source="#ID561" stride="3">
                            <param name="X" type="float" />
                            <param name="Y" type="float" />
                            <param name="Z" type="float" />
                        </accessor>
                    </technique_common>
                </source>
                <vertices id="ID560">
                    <input semantic="POSITION" source="#ID559" />
                </vertices>
                <lines count="1" material="Material2">
                    <input offset="0" semantic="VERTEX" source="#ID560" />
                    <p>1 0</p>
                </lines>
            </mesh>
        </geometry>
        <geometry id="ID562">
            <mesh>
                <source id="ID563">
                    <float_array id="ID565" count="6">-51.76797 -79.34673 363.8657 -51.76797 -79.34673 303.6991</float_array>
                    <technique_common>
                        <accessor count="2" source="#ID565" stride="3">
                            <param name="X" type="float" />
                            <param name="Y" type="float" />
                            <param name="Z" type="float" />
                        </accessor>
                    </technique_common>
                </source>
                <vertices id="ID564">
                    <input semantic="POSITION" source="#ID563" />
                </vertices>
                <lines count="1" material="Material2">
                    <input offset="0" semantic="VERTEX" source="#ID564" />
                    <p>1 0</p>
                </lines>
            </mesh>
        </geometry>
        <geometry id="ID566">
            <mesh>
                <source id="ID567">
                    <float_array id="ID569" count="6">-92.15709 -56.02806 363.8657 -92.15709 -56.02806 303.6991</float_array>
                    <technique_common>
                        <accessor count="2" source="#ID569" stride="3">
                            <param name="X" type="float" />
                            <param name="Y" type="float" />
                            <param name="Z" type="float" />
                        </accessor>
                    </technique_common>
                </source>
                <vertices id="ID568">
                    <input semantic="POSITION" source="#ID567" />
                </vertices>
                <lines count="1" material="Material2">
                    <input offset="0" semantic="VERTEX" source="#ID568" />
                    <p>1 0</p>
                </lines>
            </mesh>
        </geometry>
    </library_geometries>
    <library_materials>
        <material id="ID5" name="Metal_Aluminum_Anodized">
            <instance_effect url="#ID6" />
        </material>
        <material id="ID15" name="edge_color202209219255">
            <instance_effect url="#ID16" />
        </material>
        <material id="ID31" name="Red_Tubes">
            <instance_effect url="#ID32" />
        </material>
        <material id="ID37" name="edge_color19617065255">
            <instance_effect url="#ID38" />
        </material>
        <material id="ID93" name="__0136_Charcoal_">
            <instance_effect url="#ID94" />
        </material>
        <material id="ID99" name="edge_color353535255">
            <instance_effect url="#ID100" />
        </material>
        <material id="ID115" name="Metal_Aluminum_Anodized_0">
            <instance_effect url="#ID116" />
        </material>
        <material id="ID125" name="edge_color000255">
            <instance_effect url="#ID126" />
        </material>
        <material id="ID132" name="Blue_Glass">
            <instance_effect url="#ID133" />
        </material>
        <material id="ID389" name="material">
            <instance_effect url="#ID388" />
        </material>
        <material id="ID396" name="material_1">
            <instance_effect url="#ID395" />
        </material>
    </library_materials>
    <library_effects>
        <effect id="ID6">
            <profile_COMMON>
                <newparam sid="ID8">
                    <surface type="2D">
                        <init_from>ID7</init_from>
                    </surface>
                </newparam>
                <newparam sid="ID9">
                    <sampler2D>
                        <source>ID8</source>
                    </sampler2D>
                </newparam>
                <technique sid="COMMON">
                    <lambert>
                        <diffuse>
                            <texture texture="ID9" texcoord="UVSET0" />
                        </diffuse>
                    </lambert>
                </technique>
            </profile_COMMON>
        </effect>
        <effect id="ID16">
            <profile_COMMON>
                <technique sid="COMMON">
                    <constant>
                        <transparent opaque="A_ONE">
                            <color>0.7921569 0.8196079 0.8588235 1</color>
                        </transparent>
                        <transparency>
                            <float>1</float>
                        </transparency>
                    </constant>
                </technique>
            </profile_COMMON>
        </effect>
        <effect id="ID32">
            <profile_COMMON>
                <technique sid="COMMON">
                    <lambert>
                        <diffuse>
                            <color>0.7686275 0.6666667 0.254902 1</color>
                        </diffuse>
                    </lambert>
                </technique>
            </profile_COMMON>
        </effect>
        <effect id="ID38">
            <profile_COMMON>
                <technique sid="COMMON">
                    <constant>
                        <transparent opaque="A_ONE">
                            <color>0.7686275 0.6666667 0.254902 1</color>
                        </transparent>
                        <transparency>
                            <float>1</float>
                        </transparency>
                    </constant>
                </technique>
            </profile_COMMON>
        </effect>
        <effect id="ID94">
            <profile_COMMON>
                <technique sid="COMMON">
                    <lambert>
                        <diffuse>
                            <color>0.1372549 0.1372549 0.1372549 1</color>
                        </diffuse>
                    </lambert>
                </technique>
            </profile_COMMON>
        </effect>
        <effect id="ID100">
            <profile_COMMON>
                <technique sid="COMMON">
                    <constant>
                        <transparent opaque="A_ONE">
                            <color>0.1372549 0.1372549 0.1372549 1</color>
                        </transparent>
                        <transparency>
                            <float>1</float>
                        </transparency>
                    </constant>
                </technique>
            </profile_COMMON>
        </effect>
        <effect id="ID116">
            <profile_COMMON>
                <newparam sid="ID118">
                    <surface type="2D">
                        <init_from>ID117</init_from>
                    </surface>
                </newparam>
                <newparam sid="ID119">
                    <sampler2D>
                        <source>ID118</source>
                    </sampler2D>
                </newparam>
                <technique sid="COMMON">
                    <lambert>
                        <diffuse>
                            <texture texture="ID119" texcoord="UVSET0" />
                        </diffuse>
                    </lambert>
                </technique>
            </profile_COMMON>
        </effect>
        <effect id="ID126">
            <profile_COMMON>
                <technique sid="COMMON">
                    <constant>
                        <transparent opaque="A_ONE">
                            <color>0 0 0 1</color>
                        </transparent>
                        <transparency>
                            <float>1</float>
                        </transparency>
                    </constant>
                </technique>
            </profile_COMMON>
        </effect>
        <effect id="ID133">
            <profile_COMMON>
                <technique sid="COMMON">
                    <lambert>
                        <diffuse>
                            <color>0.6117647 0.6588235 1 0.5882353</color>
                        </diffuse>
                        <transparent opaque="RGB_ZERO">
                            <color>0.4117647 0.4117647 0.4117647 0.4117647</color>
                        </transparent>
                        <transparency>
                            <float>1</float>
                        </transparency>
                    </lambert>
                </technique>
            </profile_COMMON>
        </effect>
        <effect id="ID388">
            <profile_COMMON>
                <technique sid="COMMON">
                    <lambert>
                        <diffuse>
                            <color>0.6705882 0.6901961 0.8 1</color>
                        </diffuse>
                    </lambert>
                </technique>
            </profile_COMMON>
        </effect>
        <effect id="ID395">
            <profile_COMMON>
                <technique sid="COMMON">
                    <lambert>
                        <diffuse>
                            <color>1 1 1 1</color>
                        </diffuse>
                    </lambert>
                </technique>
            </profile_COMMON>
        </effect>
    </library_effects>
    <library_images>
        <image id="ID7">
            <init_from>model/Metal_Aluminum_Anodized.jpg</init_from>
        </image>
        <image id="ID117">
            <init_from>model/Metal_Aluminum_Anodized_0.jpg</init_from>
        </image>
    </library_images>
    <library_nodes>
        <node id="ID22" name="Hex_tower_2">
            <instance_geometry url="#ID170">
                <bind_material>
                    <technique_common>
                        <instance_material symbol="Material2" target="#ID125">
                            <bind_vertex_input semantic="UVSET0" input_semantic="TEXCOORD" input_set="0" />
                        </instance_material>
                    </technique_common>
                </bind_material>
            </instance_geometry>
            <instance_geometry url="#ID174">
                <bind_material>
                    <technique_common>
                        <instance_material symbol="Material2" target="#ID125">
                            <bind_vertex_input semantic="UVSET0" input_semantic="TEXCOORD" input_set="0" />
                        </instance_material>
                    </technique_common>
                </bind_material>
            </instance_geometry>
            <instance_geometry url="#ID178">
                <bind_material>
                    <technique_common>
                        <instance_material symbol="Material2" target="#ID125">
                            <bind_vertex_input semantic="UVSET0" input_semantic="TEXCOORD" input_set="0" />
                        </instance_material>
                    </technique_common>
                </bind_material>
            </instance_geometry>
            <instance_geometry url="#ID182">
                <bind_material>
                    <technique_common>
                        <instance_material symbol="Material2" target="#ID125">
                            <bind_vertex_input semantic="UVSET0" input_semantic="TEXCOORD" input_set="0" />
                        </instance_material>
                    </technique_common>
                </bind_material>
            </instance_geometry>
            <instance_geometry url="#ID186">
                <bind_material>
                    <technique_common>
                        <instance_material symbol="Material2" target="#ID125">
                            <bind_vertex_input semantic="UVSET0" input_semantic="TEXCOORD" input_set="0" />
                        </instance_material>
                    </technique_common>
                </bind_material>
            </instance_geometry>
            <instance_geometry url="#ID190">
                <bind_material>
                    <technique_common>
                        <instance_material symbol="Material2" target="#ID125">
                            <bind_vertex_input semantic="UVSET0" input_semantic="TEXCOORD" input_set="0" />
                        </instance_material>
                    </technique_common>
                </bind_material>
            </instance_geometry>
            <instance_geometry url="#ID194">
                <bind_material>
                    <technique_common>
                        <instance_material symbol="Material2" target="#ID125">
                            <bind_vertex_input semantic="UVSET0" input_semantic="TEXCOORD" input_set="0" />
                        </instance_material>
                    </technique_common>
                </bind_material>
            </instance_geometry>
            <instance_geometry url="#ID198">
                <bind_material>
                    <technique_common>
                        <instance_material symbol="Material2" target="#ID125">
                            <bind_vertex_input semantic="UVSET0" input_semantic="TEXCOORD" input_set="0" />
                        </instance_material>
                    </technique_common>
                </bind_material>
            </instance_geometry>
            <instance_geometry url="#ID202">
                <bind_material>
                    <technique_common>
                        <instance_material symbol="Material2" target="#ID125">
                            <bind_vertex_input semantic="UVSET0" input_semantic="TEXCOORD" input_set="0" />
                        </instance_material>
                    </technique_common>
                </bind_material>
            </instance_geometry>
            <instance_geometry url="#ID206">
                <bind_material>
                    <technique_common>
                        <instance_material symbol="Material2" target="#ID125">
                            <bind_vertex_input semantic="UVSET0" input_semantic="TEXCOORD" input_set="0" />
                        </instance_material>
                    </technique_common>
                </bind_material>
            </instance_geometry>
            <instance_geometry url="#ID210">
                <bind_material>
                    <technique_common>
                        <instance_material symbol="Material2" target="#ID125">
                            <bind_vertex_input semantic="UVSET0" input_semantic="TEXCOORD" input_set="0" />
                        </instance_material>
                    </technique_common>
                </bind_material>
            </instance_geometry>
            <instance_geometry url="#ID214">
                <bind_material>
                    <technique_common>
                        <instance_material symbol="Material2" target="#ID125">
                            <bind_vertex_input semantic="UVSET0" input_semantic="TEXCOORD" input_set="0" />
                        </instance_material>
                    </technique_common>
                </bind_material>
            </instance_geometry>
            <instance_geometry url="#ID218">
                <bind_material>
                    <technique_common>
                        <instance_material symbol="Material2" target="#ID125">
                            <bind_vertex_input semantic="UVSET0" input_semantic="TEXCOORD" input_set="0" />
                        </instance_material>
                    </technique_common>
                </bind_material>
            </instance_geometry>
            <instance_geometry url="#ID222">
                <bind_material>
                    <technique_common>
                        <instance_material symbol="Material2" target="#ID125">
                            <bind_vertex_input semantic="UVSET0" input_semantic="TEXCOORD" input_set="0" />
                        </instance_material>
                    </technique_common>
                </bind_material>
            </instance_geometry>
            <instance_geometry url="#ID226">
                <bind_material>
                    <technique_common>
                        <instance_material symbol="Material2" target="#ID125">
                            <bind_vertex_input semantic="UVSET0" input_semantic="TEXCOORD" input_set="0" />
                        </instance_material>
                    </technique_common>
                </bind_material>
            </instance_geometry>
            <instance_geometry url="#ID230">
                <bind_material>
                    <technique_common>
                        <instance_material symbol="Material2" target="#ID125">
                            <bind_vertex_input semantic="UVSET0" input_semantic="TEXCOORD" input_set="0" />
                        </instance_material>
                    </technique_common>
                </bind_material>
            </instance_geometry>
            <instance_geometry url="#ID234">
                <bind_material>
                    <technique_common>
                        <instance_material symbol="Material2" target="#ID125">
                            <bind_vertex_input semantic="UVSET0" input_semantic="TEXCOORD" input_set="0" />
                        </instance_material>
                    </technique_common>
                </bind_material>
            </instance_geometry>
            <instance_geometry url="#ID238">
                <bind_material>
                    <technique_common>
                        <instance_material symbol="Material2" target="#ID125">
                            <bind_vertex_input semantic="UVSET0" input_semantic="TEXCOORD" input_set="0" />
                        </instance_material>
                    </technique_common>
                </bind_material>
            </instance_geometry>
            <instance_geometry url="#ID242">
                <bind_material>
                    <technique_common>
                        <instance_material symbol="Material2" target="#ID125">
                            <bind_vertex_input semantic="UVSET0" input_semantic="TEXCOORD" input_set="0" />
                        </instance_material>
                    </technique_common>
                </bind_material>
            </instance_geometry>
            <instance_geometry url="#ID246">
                <bind_material>
                    <technique_common>
                        <instance_material symbol="Material2" target="#ID125">
                            <bind_vertex_input semantic="UVSET0" input_semantic="TEXCOORD" input_set="0" />
                        </instance_material>
                    </technique_common>
                </bind_material>
            </instance_geometry>
            <instance_geometry url="#ID250">
                <bind_material>
                    <technique_common>
                        <instance_material symbol="Material2" target="#ID125">
                            <bind_vertex_input semantic="UVSET0" input_semantic="TEXCOORD" input_set="0" />
                        </instance_material>
                    </technique_common>
                </bind_material>
            </instance_geometry>
            <instance_geometry url="#ID254">
                <bind_material>
                    <technique_common>
                        <instance_material symbol="Material2" target="#ID125">
                            <bind_vertex_input semantic="UVSET0" input_semantic="TEXCOORD" input_set="0" />
                        </instance_material>
                    </technique_common>
                </bind_material>
            </instance_geometry>
            <instance_geometry url="#ID258">
                <bind_material>
                    <technique_common>
                        <instance_material symbol="Material2" target="#ID125">
                            <bind_vertex_input semantic="UVSET0" input_semantic="TEXCOORD" input_set="0" />
                        </instance_material>
                    </technique_common>
                </bind_material>
            </instance_geometry>
            <instance_geometry url="#ID262">
                <bind_material>
                    <technique_common>
                        <instance_material symbol="Material2" target="#ID125">
                            <bind_vertex_input semantic="UVSET0" input_semantic="TEXCOORD" input_set="0" />
                        </instance_material>
                    </technique_common>
                </bind_material>
            </instance_geometry>
            <instance_geometry url="#ID266">
                <bind_material>
                    <technique_common>
                        <instance_material symbol="Material2" target="#ID125">
                            <bind_vertex_input semantic="UVSET0" input_semantic="TEXCOORD" input_set="0" />
                        </instance_material>
                    </technique_common>
                </bind_material>
            </instance_geometry>
            <instance_geometry url="#ID270">
                <bind_material>
                    <technique_common>
                        <instance_material symbol="Material2" target="#ID125">
                            <bind_vertex_input semantic="UVSET0" input_semantic="TEXCOORD" input_set="0" />
                        </instance_material>
                    </technique_common>
                </bind_material>
            </instance_geometry>
            <instance_geometry url="#ID274">
                <bind_material>
                    <technique_common>
                        <instance_material symbol="Material2" target="#ID125">
                            <bind_vertex_input semantic="UVSET0" input_semantic="TEXCOORD" input_set="0" />
                        </instance_material>
                    </technique_common>
                </bind_material>
            </instance_geometry>
            <instance_geometry url="#ID278">
                <bind_material>
                    <technique_common>
                        <instance_material symbol="Material2" target="#ID125">
                            <bind_vertex_input semantic="UVSET0" input_semantic="TEXCOORD" input_set="0" />
                        </instance_material>
                    </technique_common>
                </bind_material>
            </instance_geometry>
            <instance_geometry url="#ID282">
                <bind_material>
                    <technique_common>
                        <instance_material symbol="Material2" target="#ID125">
                            <bind_vertex_input semantic="UVSET0" input_semantic="TEXCOORD" input_set="0" />
                        </instance_material>
                    </technique_common>
                </bind_material>
            </instance_geometry>
            <instance_geometry url="#ID286">
                <bind_material>
                    <technique_common>
                        <instance_material symbol="Material2" target="#ID125">
                            <bind_vertex_input semantic="UVSET0" input_semantic="TEXCOORD" input_set="0" />
                        </instance_material>
                    </technique_common>
                </bind_material>
            </instance_geometry>
            <instance_geometry url="#ID290">
                <bind_material>
                    <technique_common>
                        <instance_material symbol="Material2" target="#ID125">
                            <bind_vertex_input semantic="UVSET0" input_semantic="TEXCOORD" input_set="0" />
                        </instance_material>
                    </technique_common>
                </bind_material>
            </instance_geometry>
            <instance_geometry url="#ID294">
                <bind_material>
                    <technique_common>
                        <instance_material symbol="Material2" target="#ID125">
                            <bind_vertex_input semantic="UVSET0" input_semantic="TEXCOORD" input_set="0" />
                        </instance_material>
                    </technique_common>
                </bind_material>
            </instance_geometry>
            <instance_geometry url="#ID298">
                <bind_material>
                    <technique_common>
                        <instance_material symbol="Material2" target="#ID125">
                            <bind_vertex_input semantic="UVSET0" input_semantic="TEXCOORD" input_set="0" />
                        </instance_material>
                    </technique_common>
                </bind_material>
            </instance_geometry>
            <instance_geometry url="#ID302">
                <bind_material>
                    <technique_common>
                        <instance_material symbol="Material2" target="#ID125">
                            <bind_vertex_input semantic="UVSET0" input_semantic="TEXCOORD" input_set="0" />
                        </instance_material>
                    </technique_common>
                </bind_material>
            </instance_geometry>
            <instance_geometry url="#ID306">
                <bind_material>
                    <technique_common>
                        <instance_material symbol="Material2" target="#ID125">
                            <bind_vertex_input semantic="UVSET0" input_semantic="TEXCOORD" input_set="0" />
                        </instance_material>
                    </technique_common>
                </bind_material>
            </instance_geometry>
            <instance_geometry url="#ID310">
                <bind_material>
                    <technique_common>
                        <instance_material symbol="Material2" target="#ID125">
                            <bind_vertex_input semantic="UVSET0" input_semantic="TEXCOORD" input_set="0" />
                        </instance_material>
                    </technique_common>
                </bind_material>
            </instance_geometry>
            <instance_geometry url="#ID314">
                <bind_material>
                    <technique_common>
                        <instance_material symbol="Material2" target="#ID125">
                            <bind_vertex_input semantic="UVSET0" input_semantic="TEXCOORD" input_set="0" />
                        </instance_material>
                    </technique_common>
                </bind_material>
            </instance_geometry>
            <instance_geometry url="#ID318">
                <bind_material>
                    <technique_common>
                        <instance_material symbol="Material2" target="#ID125">
                            <bind_vertex_input semantic="UVSET0" input_semantic="TEXCOORD" input_set="0" />
                        </instance_material>
                    </technique_common>
                </bind_material>
            </instance_geometry>
            <node id="ID23" name="instance_1">
                <matrix>1 0 0 1.180987 0 1 0 2.21193 0 0 1 0 0 0 0 1</matrix>
                <instance_node url="#ID24" />
            </node>
            <node id="ID169" name="instance_26">
                <matrix>1 0 0 0 0 1 0 0 0 0 1 60.72593 0 0 0 1</matrix>
                <instance_node url="#ID24" />
            </node>
        </node>
        <node id="ID24" name="Tower">
            <instance_geometry url="#ID114">
                <bind_material>
                    <technique_common>
                        <instance_material symbol="Material2" target="#ID115">
                            <bind_vertex_input semantic="UVSET0" input_semantic="TEXCOORD" input_set="0" />
                        </instance_material>
                        <instance_material symbol="Material3" target="#ID125">
                            <bind_vertex_input semantic="UVSET0" input_semantic="TEXCOORD" input_set="0" />
                        </instance_material>
                    </technique_common>
                </bind_material>
            </instance_geometry>
            <instance_geometry url="#ID131">
                <bind_material>
                    <technique_common>
                        <instance_material symbol="Material2" target="#ID132">
                            <bind_vertex_input semantic="UVSET0" input_semantic="TEXCOORD" input_set="0" />
                        </instance_material>
                        <instance_material symbol="Material3" target="#ID125">
                            <bind_vertex_input semantic="UVSET0" input_semantic="TEXCOORD" input_set="0" />
                        </instance_material>
                    </technique_common>
                </bind_material>
            </instance_geometry>
            <instance_geometry url="#ID141">
                <bind_material>
                    <technique_common>
                        <instance_material symbol="Material2" target="#ID132">
                            <bind_vertex_input semantic="UVSET0" input_semantic="TEXCOORD" input_set="0" />
                        </instance_material>
                        <instance_material symbol="Material3" target="#ID125">
                            <bind_vertex_input semantic="UVSET0" input_semantic="TEXCOORD" input_set="0" />
                        </instance_material>
                    </technique_common>
                </bind_material>
            </instance_geometry>
            <instance_geometry url="#ID149">
                <bind_material>
                    <technique_common>
                        <instance_material symbol="Material2" target="#ID115">
                            <bind_vertex_input semantic="UVSET0" input_semantic="TEXCOORD" input_set="0" />
                        </instance_material>
                        <instance_material symbol="Material3" target="#ID125">
                            <bind_vertex_input semantic="UVSET0" input_semantic="TEXCOORD" input_set="0" />
                        </instance_material>
                    </technique_common>
                </bind_material>
            </instance_geometry>
            <instance_geometry url="#ID159">
                <bind_material>
                    <technique_common>
                        <instance_material symbol="Material2" target="#ID115">
                            <bind_vertex_input semantic="UVSET0" input_semantic="TEXCOORD" input_set="0" />
                        </instance_material>
                        <instance_material symbol="Material3" target="#ID125">
                            <bind_vertex_input semantic="UVSET0" input_semantic="TEXCOORD" input_set="0" />
                        </instance_material>
                    </technique_common>
                </bind_material>
            </instance_geometry>
            <node id="ID25" name="instance_2">
                <matrix>1.667161e-14 19.74314 -11.39871 87.65603 -3.160895e-15 11.39871 19.74314 -2.842171e-14 22.79742 -1.285759e-14 1.107322e-14 2.191929e-15 0 0 0 1</matrix>
                <instance_node url="#ID26" />
            </node>
            <node id="ID90" name="instance_15">
                <matrix>1 0 0 99.83906 0 1 0 72.25601 0 0 1 43.31623 0 0 0 1</matrix>
                <instance_node url="#ID91" />
            </node>
            <node id="ID104" name="instance_16">
                <matrix>1.107322e-14 1.421085e-14 -22.79742 24.23348 1.285759e-14 22.79742 1.421085e-14 47.67081 22.79742 -1.285759e-14 1.107322e-14 0.2010115 0 0 0 1</matrix>
                <instance_node url="#ID26" />
            </node>
            <node id="ID105" name="instance_17">
                <matrix>1 0 0 57.00002 0 1 0 97.85904 0 0 1 43.31623 0 0 0 1</matrix>
                <instance_node url="#ID91" />
            </node>
            <node id="ID106" name="instance_18">
                <matrix>-5.598391e-15 -19.74314 -11.39871 71.41553 1.601849e-14 11.39871 -19.74314 21.23587 22.79742 -1.285759e-14 1.107322e-14 4.775033e-14 0 0 0 1</matrix>
                <instance_node url="#ID26" />
            </node>
            <node id="ID107" name="instance_19">
                <matrix>1 0 0 43.10812 0 1 0 72.90412 0 0 1 43.31623 0 0 0 1</matrix>
                <instance_node url="#ID91" />
            </node>
            <node id="ID108" name="instance_20">
                <matrix>1.107322e-14 1.421085e-14 -22.79742 144.9346 1.285759e-14 22.79742 1.421085e-14 48.94207 22.79742 -1.285759e-14 1.107322e-14 4.267145e-14 0 0 0 1</matrix>
                <instance_node url="#ID26" />
            </node>
            <node id="ID109" name="instance_21">
                <matrix>1 0 0 84.97745 0 1 0 98.03672 0 0 1 43.31623 0 0 0 1</matrix>
                <instance_node url="#ID91" />
            </node>
            <node id="ID110" name="instance_22">
                <matrix>1.667161e-14 19.74314 -11.39871 25.10394 -3.160895e-15 11.39871 19.74314 101.4783 22.79742 -1.285759e-14 1.107322e-14 4.2711e-14 0 0 0 1</matrix>
                <instance_node url="#ID26" />
            </node>
            <node id="ID111" name="instance_23">
                <matrix>-5.598391e-15 -19.74314 -11.39871 130.6485 1.601849e-14 11.39871 -19.74314 123.0718 22.79742 -1.285759e-14 1.107322e-14 2.191929e-15 0 0 0 1</matrix>
                <instance_node url="#ID26" />
            </node>
            <node id="ID112" name="instance_24">
                <matrix>1 0 0 85.76424 0 1 0 47.77555 0 0 1 43.31623 0 0 0 1</matrix>
                <instance_node url="#ID91" />
            </node>
            <node id="ID113" name="instance_25">
                <matrix>1 0 0 57.73407 0 1 0 48.26746 0 0 1 43.31623 0 0 0 1</matrix>
                <instance_node url="#ID91" />
            </node>
        </node>
        <node id="ID26" name="Hex_Floor">
            <node id="ID27" name="group_1">
                <matrix>1 0 0 1.203324 0 1 0 0.003678489 0 0 1 1.998401e-15 0 0 0 1</matrix>
                <node id="ID28" name="instance_3">
                    <matrix>1 0 0 0.003843404 0 1 0 1.037367 0 0 1 0 0 0 0 1</matrix>
                    <instance_node url="#ID29" />
                </node>
                <node id="ID50" name="instance_4">
                    <matrix>1 0 0 0 0 1 0 0 0 0 1 0 0 0 0 1</matrix>
                    <instance_node url="#ID29" />
                </node>
                <node id="ID51" name="instance_5">
                    <matrix>1 0 0 0.003843404 0 1 0 1.723995 0 0 1 0 0 0 0 1</matrix>
                    <instance_node url="#ID29" />
                </node>
                <node id="ID52" name="instance_6">
                    <matrix>1 0 0 0.003806562 0 1 0 1.380569 0 0 1 0 0 0 0 1</matrix>
                    <instance_node url="#ID29" />
                </node>
                <node id="ID53" name="instance_7">
                    <matrix>1 0 0 0.002733693 0 1 0 0.349288 0 0 1 0 0 0 0 1</matrix>
                    <instance_node url="#ID29" />
                </node>
                <node id="ID54" name="instance_8">
                    <matrix>1 0 0 0.003995035 0 1 0 0.6933097 0 0 1 0 0 0 0 1</matrix>
                    <instance_node url="#ID29" />
                </node>
            </node>
            <node id="ID55" name="group_2">
                <matrix>1 0 0 1.502542 0 1 0 0.178909 0 0 1 1.332268e-15 0 0 0 1</matrix>
                <node id="ID56" name="instance_9">
                    <matrix>1 0 0 0.003843404 0 1 0 1.037367 0 0 1 2.498002e-16 0 0 0 1</matrix>
                    <instance_node url="#ID29" />
                </node>
                <node id="ID57" name="instance_10">
                    <matrix>1 0 0 0 0 1 0 0 0 0 1 0 0 0 0 1</matrix>
                    <instance_node url="#ID29" />
                </node>
                <node id="ID58" name="instance_11">
                    <matrix>1 0 0 0.003843404 0 1 0 1.723995 0 0 1 -1.94289e-16 0 0 0 1</matrix>
                    <instance_node url="#ID29" />
                </node>
                <node id="ID59" name="instance_12">
                    <matrix>1 0 0 0.003806562 0 1 0 1.380569 0 0 1 2.220446e-16 0 0 0 1</matrix>
                    <instance_node url="#ID29" />
                </node>
                <node id="ID60" name="instance_13">
                    <matrix>1 0 0 0.002733693 0 1 0 0.349288 0 0 1 1.387779e-16 0 0 0 1</matrix>
                    <instance_node url="#ID29" />
                </node>
                <node id="ID61" name="instance_14">
                    <matrix>1 0 0 0.003995035 0 1 0 0.6933097 0 0 1 2.220446e-16 0 0 0 1</matrix>
                    <instance_node url="#ID29" />
                </node>
            </node>
            <node id="ID62" name="group_3">
                <matrix>1 0 0 0.3071658 0 1 0 0.1731798 0 0 1 2.442491e-15 0 0 0 1</matrix>
                <node id="ID63" name="instance_3">
                    <matrix>1 0 0 0.003843404 0 1 0 1.037367 0 0 1 0 0 0 0 1</matrix>
                    <instance_node url="#ID29" />
                </node>
                <node id="ID64" name="instance_4">
                    <matrix>1 0 0 0 0 1 0 0 0 0 1 0 0 0 0 1</matrix>
                    <instance_node url="#ID29" />
                </node>
                <node id="ID65" name="instance_5">
                    <matrix>1 0 0 0.003843404 0 1 0 1.723995 0 0 1 0 0 0 0 1</matrix>
                    <instance_node url="#ID29" />
                </node>
                <node id="ID66" name="instance_6">
                    <matrix>1 0 0 0.003806562 0 1 0 1.380569 0 0 1 0 0 0 0 1</matrix>
                    <instance_node url="#ID29" />
                </node>
                <node id="ID67" name="instance_7">
                    <matrix>1 0 0 0.002733693 0 1 0 0.349288 0 0 1 0 0 0 0 1</matrix>
                    <instance_node url="#ID29" />
                </node>
                <node id="ID68" name="instance_8">
                    <matrix>1 0 0 0.003995035 0 1 0 0.6933097 0 0 1 0 0 0 0 1</matrix>
                    <instance_node url="#ID29" />
                </node>
            </node>
            <node id="ID69" name="group_4">
                <matrix>1 0 0 0 0 1 0 0 0 0 1 0 0 0 0 1</matrix>
                <node id="ID70" name="instance_3">
                    <matrix>1 0 0 0.003843404 0 1 0 1.037367 0 0 1 0 0 0 0 1</matrix>
                    <instance_node url="#ID29" />
                </node>
                <node id="ID71" name="instance_4">
                    <matrix>1 0 0 0 0 1 0 0 0 0 1 0 0 0 0 1</matrix>
                    <instance_node url="#ID29" />
                </node>
                <node id="ID72" name="instance_5">
                    <matrix>1 0 0 0.003843404 0 1 0 1.723995 0 0 1 0 0 0 0 1</matrix>
                    <instance_node url="#ID29" />
                </node>
                <node id="ID73" name="instance_6">
                    <matrix>1 0 0 0.003806562 0 1 0 1.380569 0 0 1 0 0 0 0 1</matrix>
                    <instance_node url="#ID29" />
                </node>
                <node id="ID74" name="instance_7">
                    <matrix>1 0 0 0.002733693 0 1 0 0.349288 0 0 1 0 0 0 0 1</matrix>
                    <instance_node url="#ID29" />
                </node>
                <node id="ID75" name="instance_8">
                    <matrix>1 0 0 0.003995035 0 1 0 0.6933097 0 0 1 0 0 0 0 1</matrix>
                    <instance_node url="#ID29" />
                </node>
            </node>
            <node id="ID76" name="group_5">
                <matrix>1 0 0 0.9075278 0 1 0 0.1767335 0 0 1 2.664535e-15 0 0 0 1</matrix>
                <node id="ID77" name="instance_3">
                    <matrix>1 0 0 0.003843404 0 1 0 1.037367 0 0 1 0 0 0 0 1</matrix>
                    <instance_node url="#ID29" />
                </node>
                <node id="ID78" name="instance_4">
                    <matrix>1 0 0 0 0 1 0 0 0 0 1 0 0 0 0 1</matrix>
                    <instance_node url="#ID29" />
                </node>
                <node id="ID79" name="instance_5">
                    <matrix>1 0 0 0.003843404 0 1 0 1.723995 0 0 1 0 0 0 0 1</matrix>
                    <instance_node url="#ID29" />
                </node>
                <node id="ID80" name="instance_6">
                    <matrix>1 0 0 0.003806562 0 1 0 1.380569 0 0 1 0 0 0 0 1</matrix>
                    <instance_node url="#ID29" />
                </node>
                <node id="ID81" name="instance_7">
                    <matrix>1 0 0 0.002733693 0 1 0 0.349288 0 0 1 0 0 0 0 1</matrix>
                    <instance_node url="#ID29" />
                </node>
                <node id="ID82" name="instance_8">
                    <matrix>1 0 0 0.003995035 0 1 0 0.6933097 0 0 1 0 0 0 0 1</matrix>
                    <instance_node url="#ID29" />
                </node>
            </node>
            <node id="ID83" name="group_6">
                <matrix>1 0 0 0.6107085 0 1 0 0.006785694 0 0 1 4.440892e-16 0 0 0 1</matrix>
                <node id="ID84" name="instance_3">
                    <matrix>1 0 0 0.003843404 0 1 0 1.037367 0 0 1 0 0 0 0 1</matrix>
                    <instance_node url="#ID29" />
                </node>
                <node id="ID85" name="instance_4">
                    <matrix>1 0 0 0 0 1 0 0 0 0 1 0 0 0 0 1</matrix>
                    <instance_node url="#ID29" />
                </node>
                <node id="ID86" name="instance_5">
                    <matrix>1 0 0 0.003843404 0 1 0 1.723995 0 0 1 0 0 0 0 1</matrix>
                    <instance_node url="#ID29" />
                </node>
                <node id="ID87" name="instance_6">
                    <matrix>1 0 0 0.003806562 0 1 0 1.380569 0 0 1 0 0 0 0 1</matrix>
                    <instance_node url="#ID29" />
                </node>
                <node id="ID88" name="instance_7">
                    <matrix>1 0 0 0.002733693 0 1 0 0.349288 0 0 1 0 0 0 0 1</matrix>
                    <instance_node url="#ID29" />
                </node>
                <node id="ID89" name="instance_8">
                    <matrix>1 0 0 0.003995035 0 1 0 0.6933097 0 0 1 0 0 0 0 1</matrix>
                    <instance_node url="#ID29" />
                </node>
            </node>
        </node>
        <node id="ID29" name="Hexagon">
            <instance_geometry url="#ID30">
                <bind_material>
                    <technique_common>
                        <instance_material symbol="Material2" target="#ID31">
                            <bind_vertex_input semantic="UVSET0" input_semantic="TEXCOORD" input_set="0" />
                        </instance_material>
                        <instance_material symbol="Material3" target="#ID37">
                            <bind_vertex_input semantic="UVSET0" input_semantic="TEXCOORD" input_set="0" />
                        </instance_material>
                    </technique_common>
                </bind_material>
            </instance_geometry>
            <instance_geometry url="#ID42">
                <bind_material>
                    <technique_common>
                        <instance_material symbol="Material2" target="#ID31">
                            <bind_vertex_input semantic="UVSET0" input_semantic="TEXCOORD" input_set="0" />
                        </instance_material>
                        <instance_material symbol="Material3" target="#ID37">
                            <bind_vertex_input semantic="UVSET0" input_semantic="TEXCOORD" input_set="0" />
                        </instance_material>
                    </technique_common>
                </bind_material>
            </instance_geometry>
        </node>
        <node id="ID91" name="Pole">
            <instance_geometry url="#ID92">
                <bind_material>
                    <technique_common>
                        <instance_material symbol="Material2" target="#ID93">
                            <bind_vertex_input semantic="UVSET0" input_semantic="TEXCOORD" input_set="0" />
                        </instance_material>
                        <instance_material symbol="Material3" target="#ID99">
                            <bind_vertex_input semantic="UVSET0" input_semantic="TEXCOORD" input_set="0" />
                        </instance_material>
                    </technique_common>
                </bind_material>
            </instance_geometry>
        </node>
    </library_nodes>
    <scene>
        <instance_visual_scene url="#ID2" />
    </scene>
</COLLADA>
